Arguments: 
  /Users/julfikar/.nvm/versions/node/v18.18.0/bin/node /opt/homebrew/Cellar/yarn/1.22.19/libexec/bin/yarn.js add @eslint/migrate-config .eslintrc.json

PATH: 
  /Users/julfikar/.nvm/versions/node/v18.18.0/bin:/Users/julfikar/.nvm/versions/node/v20.0.0/bin:/Users/julfikar/.console-ninja/.bin:/Users/julfikar/.composer/vendor/bin:/opt/homebrew/opt/php@7.4/sbin:/opt/homebrew/opt/php@7.4/bin:/Users/julfikar/.nvm/versions/node/v20.0.0/bin:/opt/homebrew/bin:/opt/homebrew/sbin:/usr/local/bin:/System/Cryptexes/App/usr/bin:/usr/bin:/bin:/usr/sbin:/sbin:/var/run/com.apple.security.cryptexd/codex.system/bootstrap/usr/local/bin:/var/run/com.apple.security.cryptexd/codex.system/bootstrap/usr/bin:/var/run/com.apple.security.cryptexd/codex.system/bootstrap/usr/appleinternal/bin:/Users/julfikar/.console-ninja/.bin:/Users/julfikar/.composer/vendor/bin:/opt/homebrew/opt/php@7.4/sbin:/opt/homebrew/opt/php@7.4/bin:/Users/julfikar/.nvm/versions/node/v20.0.0/bin:/opt/homebrew/bin:/opt/homebrew/sbin

Yarn version: 
  1.22.19

Node version: 
  18.18.0

Platform: 
  darwin arm64

Trace: 
  Error: https://registry.yarnpkg.com/.eslintrc.json: Not found
      at params.callback [as _callback] (/opt/homebrew/Cellar/yarn/1.22.19/libexec/lib/cli.js:66145:18)
      at self.callback (/opt/homebrew/Cellar/yarn/1.22.19/libexec/lib/cli.js:140890:22)
      at Request.emit (node:events:517:28)
      at Request.<anonymous> (/opt/homebrew/Cellar/yarn/1.22.19/libexec/lib/cli.js:141862:10)
      at Request.emit (node:events:517:28)
      at IncomingMessage.<anonymous> (/opt/homebrew/Cellar/yarn/1.22.19/libexec/lib/cli.js:141784:12)
      at Object.onceWrapper (node:events:631:28)
      at IncomingMessage.emit (node:events:529:35)
      at endReadableNT (node:internal/streams/readable:1368:12)
      at process.processTicksAndRejections (node:internal/process/task_queues:82:21)

npm manifest: 
  {
    "name": "university-management-auth-service",
    "version": "1.0.0",
    "description": "",
    "main": "src/server.ts",
    "scripts": {
      "start": "ts-node-dev --respawn --transpile-only src/server.ts",
      "lint:check": "eslint --ignore-path .eslintignore \"src/**/*.+(js|ts|json)\"",
      "lint:fix": "eslint \"src/**/*.+(js|ts|json)\" --fix",
      "lint:staged": "eslint --ignore-path .eslintignore",
      "prettier:check": "prettier --ignore-path .prettierignore --check \"src/**/*.+(js|ts|json)\"",
      "prettier:fix": "prettier --ignore-path .prettierignore --write \"**/*.+(js|ts|json)\"",
      "prettier:staged": "prettier --ignore-path .prettierignore --write",
      "lint-prettier:check": "npm run lint:check && npm run prettier:check",
      "lint-prettier:fix": "npm run lint:fix && npm run prettier:fix",
      "prepare": "husky install",
      "eslint:migrate": "npx @eslint/migrate-config .eslintrc.json"
    },
    "lint-staged": {
      "src/**/*.{js,ts,json,css,scss,md}": [
        "npm run lint:staged",
        "npm run prettier:staged"
      ]
    },
    "author": "Julfikar",
    "license": "ISC",
    "devDependencies": {
      "@types/cors": "^2.8.13",
      "@types/express": "^4.17.17",
      "@types/nodemailer": "^6.4.13",
      "@typescript-eslint/eslint-plugin": "^8.5.0",
      "@typescript-eslint/parser": "^8.5.0",
      "eslint": "^9.10.0",
      "eslint-config-prettier": "^9.1.0",
      "eslint-plugin-prettier": "^5.2.1",
      "husky": "^9.1.6",
      "lint-staged": "^15.2.10",
      "prettier": "^3.3.3",
      "prettier-plugin-tailwindcss": "^0.6.6",
      "ts-node-dev": "^2.0.0",
      "typescript": "^5.0.4"
    },
    "dependencies": {
      "@eslint/migrate-config": "^1.3.0",
      "@types/bcrypt": "^5.0.0",
      "@types/cookie-parser": "^1.4.3",
      "@types/jsonwebtoken": "^9.0.2",
      "bcrypt": "^5.1.0",
      "cookie-parser": "^1.4.6",
      "cors": "^2.8.5",
      "dotenv": "^16.0.3",
      "express": "^4.18.2",
      "http-status": "^1.6.2",
      "init": "^0.1.2",
      "install": "^0.13.0",
      "jsonwebtoken": "^9.0.0",
      "mongoose": "^8.6.0",
      "nodemailer": "^6.9.7",
      "redis": "^4.6.8",
      "winston": "^3.9.0",
      "winston-daily-rotate-file": "^4.7.1",
      "zod": "^3.21.4"
    }
  }

yarn manifest: 
  No manifest

Lockfile: 
  # THIS IS AN AUTOGENERATED FILE. DO NOT EDIT THIS FILE DIRECTLY.
  # yarn lockfile v1
  
  
  "@colors/colors@1.5.0":
    version "1.5.0"
    resolved "https://registry.npmjs.org/@colors/colors/-/colors-1.5.0.tgz"
    integrity sha512-ooWCrlZP11i8GImSjTHYHLkvFDP48nS4+204nGb1RiX/WXYHmJA2III9/e2DWVabCESdW7hBAEzHRqUn9OUVvQ==
  
  "@cspotcode/source-map-support@^0.8.0":
    version "0.8.1"
    resolved "https://registry.npmjs.org/@cspotcode/source-map-support/-/source-map-support-0.8.1.tgz"
    integrity sha512-IchNf6dN4tHoMFIn/7OE8LWZ19Y6q/67Bmf6vnGREv8RSbBVb9LPJxEcnwrcwX6ixSvaiGoomAUvu4YSxXrVgw==
    dependencies:
      "@jridgewell/trace-mapping" "0.3.9"
  
  "@dabh/diagnostics@^2.0.2":
    version "2.0.3"
    resolved "https://registry.npmjs.org/@dabh/diagnostics/-/diagnostics-2.0.3.tgz"
    integrity sha512-hrlQOIi7hAfzsMqlGSFyVucrx38O+j6wiGOf//H2ecvIEqYN4ADBSS2iLMh5UFyDunCNniUIPk/q3riFv45xRA==
    dependencies:
      colorspace "1.1.x"
      enabled "2.0.x"
      kuler "^2.0.0"
  
  "@eslint-community/eslint-utils@^4.2.0", "@eslint-community/eslint-utils@^4.4.0":
    version "4.4.0"
    resolved "https://registry.yarnpkg.com/@eslint-community/eslint-utils/-/eslint-utils-4.4.0.tgz#a23514e8fb9af1269d5f7788aa556798d61c6b59"
    integrity sha512-1/sA4dwrzBAyeUoQ6oxahHKmrZvsnLCg4RfxW3ZFGGmQkSNQPFNLV9CUEFQP1x9EYXHTo5p6xdhZM1Ne9p/AfA==
    dependencies:
      eslint-visitor-keys "^3.3.0"
  
  "@eslint-community/regexpp@^4.10.0", "@eslint-community/regexpp@^4.11.0":
    version "4.11.0"
    resolved "https://registry.yarnpkg.com/@eslint-community/regexpp/-/regexpp-4.11.0.tgz#b0ffd0312b4a3fd2d6f77237e7248a5ad3a680ae"
    integrity sha512-G/M/tIiMrTAxEWRfLfQJMmGNX28IxBg4PBz8XqQhqUHLFI6TL2htpIB1iQCj144V5ee/JaKyT9/WZ0MGZWfA7A==
  
  "@eslint/compat@^1.1.1":
    version "1.1.1"
    resolved "https://registry.yarnpkg.com/@eslint/compat/-/compat-1.1.1.tgz#5736523f5105c94dfae5f35e31debc38443722cd"
    integrity sha512-lpHyRyplhGPL5mGEh6M9O5nnKk0Gz4bFI+Zu6tKlPpDUN7XshWvH9C/px4UVm87IAANE0W81CEsNGbS1KlzXpA==
  
  "@eslint/config-array@^0.18.0":
    version "0.18.0"
    resolved "https://registry.yarnpkg.com/@eslint/config-array/-/config-array-0.18.0.tgz#37d8fe656e0d5e3dbaea7758ea56540867fd074d"
    integrity sha512-fTxvnS1sRMu3+JjXwJG0j/i4RT9u4qJ+lqS/yCGap4lH4zZGzQ7tu+xZqQmcMZq5OBZDL4QRxQzRjkWcGt8IVw==
    dependencies:
      "@eslint/object-schema" "^2.1.4"
      debug "^4.3.1"
      minimatch "^3.1.2"
  
  "@eslint/eslintrc@^3.1.0":
    version "3.1.0"
    resolved "https://registry.yarnpkg.com/@eslint/eslintrc/-/eslintrc-3.1.0.tgz#dbd3482bfd91efa663cbe7aa1f506839868207b6"
    integrity sha512-4Bfj15dVJdoy3RfZmmo86RK1Fwzn6SstsvK9JS+BaVKqC6QQQQyXekNaC+g+LKNgkQ+2VhGAzm6hO40AhMR3zQ==
    dependencies:
      ajv "^6.12.4"
      debug "^4.3.2"
      espree "^10.0.1"
      globals "^14.0.0"
      ignore "^5.2.0"
      import-fresh "^3.2.1"
      js-yaml "^4.1.0"
      minimatch "^3.1.2"
      strip-json-comments "^3.1.1"
  
  "@eslint/js@9.10.0":
    version "9.10.0"
    resolved "https://registry.yarnpkg.com/@eslint/js/-/js-9.10.0.tgz#eaa3cb0baec497970bb29e43a153d0d5650143c6"
    integrity sha512-fuXtbiP5GWIn8Fz+LWoOMVf/Jxm+aajZYkhi6CuEm4SxymFM+eUWzbO9qXT+L0iCkL5+KGYMCSGxo686H19S1g==
  
  "@eslint/migrate-config@^1.3.0":
    version "1.3.0"
    resolved "https://registry.yarnpkg.com/@eslint/migrate-config/-/migrate-config-1.3.0.tgz#0ad936df48a00272a2ee7de7d767d0af280b99fb"
    integrity sha512-8461PwdLhTkPuvRlaTZT0qhu3U1zZi/80CW3OPzPjnHKURpHdTlpll9uWIQCMST2kUWsDaCqsK8PWCiLO3wNYg==
    dependencies:
      "@eslint/compat" "^1.1.1"
      "@eslint/eslintrc" "^3.1.0"
      camelcase "^8.0.0"
      recast "^0.23.7"
  
  "@eslint/object-schema@^2.1.4":
    version "2.1.4"
    resolved "https://registry.yarnpkg.com/@eslint/object-schema/-/object-schema-2.1.4.tgz#9e69f8bb4031e11df79e03db09f9dbbae1740843"
    integrity sha512-BsWiH1yFGjXXS2yvrf5LyuoSIIbPrGUWob917o+BTKuZ7qJdxX8aJLRxs1fS9n6r7vESrq1OUqb68dANcFXuQQ==
  
  "@eslint/plugin-kit@^0.1.0":
    version "0.1.0"
    resolved "https://registry.yarnpkg.com/@eslint/plugin-kit/-/plugin-kit-0.1.0.tgz#809b95a0227ee79c3195adfb562eb94352e77974"
    integrity sha512-autAXT203ixhqei9xt+qkYOvY8l6LAFIdT2UXc/RPNeUVfqRF1BV94GTJyVPFKT8nFM6MyVJhjLj9E8JWvf5zQ==
    dependencies:
      levn "^0.4.1"
  
  "@humanwhocodes/module-importer@^1.0.1":
    version "1.0.1"
    resolved "https://registry.yarnpkg.com/@humanwhocodes/module-importer/-/module-importer-1.0.1.tgz#af5b2691a22b44be847b0ca81641c5fb6ad0172c"
    integrity sha512-bxveV4V8v5Yb4ncFTT3rPSgZBOpCkjfK0y4oVVVJwIuDVBRMDXrPyXRL988i5ap9m9bnyEEjWfm5WkBmtffLfA==
  
  "@humanwhocodes/retry@^0.3.0":
    version "0.3.0"
    resolved "https://registry.yarnpkg.com/@humanwhocodes/retry/-/retry-0.3.0.tgz#6d86b8cb322660f03d3f0aa94b99bdd8e172d570"
    integrity sha512-d2CGZR2o7fS6sWB7DG/3a95bGKQyHMACZ5aW8qGkkqQpUoZV6C0X7Pc7l4ZNMZkfNBf4VWNe9E1jRsf0G146Ew==
  
  "@jridgewell/resolve-uri@^3.0.3":
    version "3.1.1"
    resolved "https://registry.npmjs.org/@jridgewell/resolve-uri/-/resolve-uri-3.1.1.tgz"
    integrity sha512-dSYZh7HhCDtCKm4QakX0xFpsRDqjjtZf/kjI/v3T3Nwt5r8/qz/M19F9ySyOqU94SXBmeG9ttTul+YnR4LOxFA==
  
  "@jridgewell/sourcemap-codec@^1.4.10":
    version "1.4.15"
    resolved "https://registry.npmjs.org/@jridgewell/sourcemap-codec/-/sourcemap-codec-1.4.15.tgz"
    integrity sha512-eF2rxCRulEKXHTRiDrDy6erMYWqNw4LPdQ8UQA4huuxaQsVeRPFl2oM8oDGxMFhJUWZf9McpLtJasDDZb/Bpeg==
  
  "@jridgewell/trace-mapping@0.3.9":
    version "0.3.9"
    resolved "https://registry.npmjs.org/@jridgewell/trace-mapping/-/trace-mapping-0.3.9.tgz"
    integrity sha512-3Belt6tdc8bPgAtbcmdtNJlirVoTmEb5e2gC94PnkwEW9jI6CAHUeoG85tjWP5WquqfavoMtMwiG4P926ZKKuQ==
    dependencies:
      "@jridgewell/resolve-uri" "^3.0.3"
      "@jridgewell/sourcemap-codec" "^1.4.10"
  
  "@mapbox/node-pre-gyp@^1.0.10":
    version "1.0.10"
    resolved "https://registry.npmjs.org/@mapbox/node-pre-gyp/-/node-pre-gyp-1.0.10.tgz"
    integrity sha512-4ySo4CjzStuprMwk35H5pPbkymjv1SF3jGLj6rAHp/xT/RF7TL7bd9CTm1xDY49K2qF7jmR/g7k+SkLETP6opA==
    dependencies:
      detect-libc "^2.0.0"
      https-proxy-agent "^5.0.0"
      make-dir "^3.1.0"
      node-fetch "^2.6.7"
      nopt "^5.0.0"
      npmlog "^5.0.1"
      rimraf "^3.0.2"
      semver "^7.3.5"
      tar "^6.1.11"
  
  "@mongodb-js/saslprep@^1.1.5":
    version "1.1.8"
    resolved "https://registry.yarnpkg.com/@mongodb-js/saslprep/-/saslprep-1.1.8.tgz#d39744540be8800d17749990b0da95b4271840d1"
    integrity sha512-qKwC/M/nNNaKUBMQ0nuzm47b7ZYWQHN3pcXq4IIcoSBc2hOIrflAxJduIvvqmhoz3gR2TacTAs8vlsCVPkiEdQ==
    dependencies:
      sparse-bitfield "^3.0.3"
  
  "@nodelib/fs.scandir@2.1.5":
    version "2.1.5"
    resolved "https://registry.npmjs.org/@nodelib/fs.scandir/-/fs.scandir-2.1.5.tgz"
    integrity sha512-vq24Bq3ym5HEQm2NKCr3yXDwjc7vTsEThRDnkp2DK9p1uqLR+DHurm/NOTo0KG7HYHU7eppKZj3MyqYuMBf62g==
    dependencies:
      "@nodelib/fs.stat" "2.0.5"
      run-parallel "^1.1.9"
  
  "@nodelib/fs.stat@2.0.5", "@nodelib/fs.stat@^2.0.2":
    version "2.0.5"
    resolved "https://registry.npmjs.org/@nodelib/fs.stat/-/fs.stat-2.0.5.tgz"
    integrity sha512-RkhPPp2zrqDAQA/2jNhnztcPAlv64XdhIp7a7454A5ovI7Bukxgt7MX7udwAu3zg1DcpPU0rz3VV1SeaqvY4+A==
  
  "@nodelib/fs.walk@^1.2.3", "@nodelib/fs.walk@^1.2.8":
    version "1.2.8"
    resolved "https://registry.yarnpkg.com/@nodelib/fs.walk/-/fs.walk-1.2.8.tgz#e95737e8bb6746ddedf69c556953494f196fe69a"
    integrity sha512-oGB+UxlgWcgQkgwo8GcEGwemoTFt3FIO9ababBmaGwXIoBKZ+GTy0pP185beGg7Llih/NSHSV2XAs1lnznocSg==
    dependencies:
      "@nodelib/fs.scandir" "2.1.5"
      fastq "^1.6.0"
  
  "@pkgr/core@^0.1.0":
    version "0.1.1"
    resolved "https://registry.yarnpkg.com/@pkgr/core/-/core-0.1.1.tgz#1ec17e2edbec25c8306d424ecfbf13c7de1aaa31"
    integrity sha512-cq8o4cWH0ibXh9VGi5P20Tu9XF/0fFXl9EUinr9QfTM7a7p0oTA4iJRCQWppXR1Pg8dSM0UCItCkPwsk9qWWYA==
  
  "@redis/bloom@1.2.0":
    version "1.2.0"
    resolved "https://registry.npmjs.org/@redis/bloom/-/bloom-1.2.0.tgz"
    integrity sha512-HG2DFjYKbpNmVXsa0keLHp/3leGJz1mjh09f2RLGGLQZzSHpkmZWuwJbAvo3QcRY8p80m5+ZdXZdYOSBLlp7Cg==
  
  "@redis/client@1.5.9":
    version "1.5.9"
    resolved "https://registry.npmjs.org/@redis/client/-/client-1.5.9.tgz"
    integrity sha512-SffgN+P1zdWJWSXBvJeynvEnmnZrYmtKSRW00xl8pOPFOMJjxRR9u0frSxJpPR6Y4V+k54blJjGW7FgxbTI7bQ==
    dependencies:
      cluster-key-slot "1.1.2"
      generic-pool "3.9.0"
      yallist "4.0.0"
  
  "@redis/graph@1.1.0":
    version "1.1.0"
    resolved "https://registry.npmjs.org/@redis/graph/-/graph-1.1.0.tgz"
    integrity sha512-16yZWngxyXPd+MJxeSr0dqh2AIOi8j9yXKcKCwVaKDbH3HTuETpDVPcLujhFYVPtYrngSco31BUcSa9TH31Gqg==
  
  "@redis/json@1.0.4":
    version "1.0.4"
    resolved "https://registry.npmjs.org/@redis/json/-/json-1.0.4.tgz"
    integrity sha512-LUZE2Gdrhg0Rx7AN+cZkb1e6HjoSKaeeW8rYnt89Tly13GBI5eP4CwDVr+MY8BAYfCg4/N15OUrtLoona9uSgw==
  
  "@redis/search@1.1.3":
    version "1.1.3"
    resolved "https://registry.npmjs.org/@redis/search/-/search-1.1.3.tgz"
    integrity sha512-4Dg1JjvCevdiCBTZqjhKkGoC5/BcB7k9j99kdMnaXFXg8x4eyOIVg9487CMv7/BUVkFLZCaIh8ead9mU15DNng==
  
  "@redis/time-series@1.0.5":
    version "1.0.5"
    resolved "https://registry.npmjs.org/@redis/time-series/-/time-series-1.0.5.tgz"
    integrity sha512-IFjIgTusQym2B5IZJG3XKr5llka7ey84fw/NOYqESP5WUfQs9zz1ww/9+qoz4ka/S6KcGBodzlCeZ5UImKbscg==
  
  "@tsconfig/node10@^1.0.7":
    version "1.0.9"
    resolved "https://registry.npmjs.org/@tsconfig/node10/-/node10-1.0.9.tgz"
    integrity sha512-jNsYVVxU8v5g43Erja32laIDHXeoNvFEpX33OK4d6hljo3jDhCBDhx5dhCCTMWUojscpAagGiRkBKxpdl9fxqA==
  
  "@tsconfig/node12@^1.0.7":
    version "1.0.11"
    resolved "https://registry.npmjs.org/@tsconfig/node12/-/node12-1.0.11.tgz"
    integrity sha512-cqefuRsh12pWyGsIoBKJA9luFu3mRxCA+ORZvA4ktLSzIuCUtWVxGIuXigEwO5/ywWFMZ2QEGKWvkZG1zDMTag==
  
  "@tsconfig/node14@^1.0.0":
    version "1.0.3"
    resolved "https://registry.npmjs.org/@tsconfig/node14/-/node14-1.0.3.tgz"
    integrity sha512-ysT8mhdixWK6Hw3i1V2AeRqZ5WfXg1G43mqoYlM2nc6388Fq5jcXyr5mRsqViLx/GJYdoL0bfXD8nmF+Zn/Iow==
  
  "@tsconfig/node16@^1.0.2":
    version "1.0.4"
    resolved "https://registry.npmjs.org/@tsconfig/node16/-/node16-1.0.4.tgz"
    integrity sha512-vxhUy4J8lyeyinH7Azl1pdd43GJhZH/tP2weN8TntQblOY+A0XbT8DJk1/oCPuOOyg/Ja757rG0CgHcWC8OfMA==
  
  "@types/bcrypt@^5.0.0":
    version "5.0.0"
    resolved "https://registry.npmjs.org/@types/bcrypt/-/bcrypt-5.0.0.tgz"
    integrity sha512-agtcFKaruL8TmcvqbndlqHPSJgsolhf/qPWchFlgnW1gECTN/nKbFcoFnvKAQRFfKbh+BO6A3SWdJu9t+xF3Lw==
    dependencies:
      "@types/node" "*"
  
  "@types/body-parser@*":
    version "1.19.2"
    resolved "https://registry.npmjs.org/@types/body-parser/-/body-parser-1.19.2.tgz"
    integrity sha512-ALYone6pm6QmwZoAgeyNksccT9Q4AWZQ6PvfwR37GT6r6FWUPguq6sUmNGSMV2Wr761oQoBxwGGa6DR5o1DC9g==
    dependencies:
      "@types/connect" "*"
      "@types/node" "*"
  
  "@types/connect@*":
    version "3.4.35"
    resolved "https://registry.npmjs.org/@types/connect/-/connect-3.4.35.tgz"
    integrity sha512-cdeYyv4KWoEgpBISTxWvqYsVy444DOqehiF3fM3ne10AmJ62RSyNkUnxMJXHQWRQQX2eR94m5y1IZyDwBjV9FQ==
    dependencies:
      "@types/node" "*"
  
  "@types/cookie-parser@^1.4.3":
    version "1.4.3"
    resolved "https://registry.npmjs.org/@types/cookie-parser/-/cookie-parser-1.4.3.tgz"
    integrity sha512-CqSKwFwefj4PzZ5n/iwad/bow2hTCh0FlNAeWLtQM3JA/NX/iYagIpWG2cf1bQKQ2c9gU2log5VUCrn7LDOs0w==
    dependencies:
      "@types/express" "*"
  
  "@types/cors@^2.8.13":
    version "2.8.13"
    resolved "https://registry.npmjs.org/@types/cors/-/cors-2.8.13.tgz"
    integrity sha512-RG8AStHlUiV5ysZQKq97copd2UmVYw3/pRMLefISZ3S1hK104Cwm7iLQ3fTKx+lsUH2CE8FlLaYeEA2LSeqYUA==
    dependencies:
      "@types/node" "*"
  
  "@types/express-serve-static-core@^4.17.33":
    version "4.17.35"
    resolved "https://registry.npmjs.org/@types/express-serve-static-core/-/express-serve-static-core-4.17.35.tgz"
    integrity sha512-wALWQwrgiB2AWTT91CB62b6Yt0sNHpznUXeZEcnPU3DRdlDIz74x8Qg1UUYKSVFi+va5vKOLYRBI1bRKiLLKIg==
    dependencies:
      "@types/node" "*"
      "@types/qs" "*"
      "@types/range-parser" "*"
      "@types/send" "*"
  
  "@types/express@*", "@types/express@^4.17.17":
    version "4.17.17"
    resolved "https://registry.npmjs.org/@types/express/-/express-4.17.17.tgz"
    integrity sha512-Q4FmmuLGBG58btUnfS1c1r/NQdlp3DMfGDGig8WhfpA2YRUtEkxAjkZb0yvplJGYdF1fsQ81iMDcH24sSCNC/Q==
    dependencies:
      "@types/body-parser" "*"
      "@types/express-serve-static-core" "^4.17.33"
      "@types/qs" "*"
      "@types/serve-static" "*"
  
  "@types/jsonwebtoken@^9.0.2":
    version "9.0.2"
    resolved "https://registry.npmjs.org/@types/jsonwebtoken/-/jsonwebtoken-9.0.2.tgz"
    integrity sha512-drE6uz7QBKq1fYqqoFKTDRdFCPHd5TCub75BM+D+cMx7NU9hUz7SESLfC2fSCXVFMO5Yj8sOWHuGqPgjc+fz0Q==
    dependencies:
      "@types/node" "*"
  
  "@types/mime@*":
    version "3.0.1"
    resolved "https://registry.npmjs.org/@types/mime/-/mime-3.0.1.tgz"
    integrity sha512-Y4XFY5VJAuw0FgAqPNd6NNoV44jbq9Bz2L7Rh/J6jLTiHBSBJa9fxqQIvkIld4GsoDOcCbvzOUAbLPsSKKg+uA==
  
  "@types/mime@^1":
    version "1.3.2"
    resolved "https://registry.npmjs.org/@types/mime/-/mime-1.3.2.tgz"
    integrity sha512-YATxVxgRqNH6nHEIsvg6k2Boc1JHI9ZbH5iWFFv/MTkchz3b1ieGDa5T0a9RznNdI0KhVbdbWSN+KWWrQZRxTw==
  
  "@types/node@*":
    version "20.2.5"
    resolved "https://registry.npmjs.org/@types/node/-/node-20.2.5.tgz"
    integrity sha512-JJulVEQXmiY9Px5axXHeYGLSjhkZEnD+MDPDGbCbIAbMslkKwmygtZFy1X6s/075Yo94sf8GuSlFfPzysQrWZQ==
  
  "@types/nodemailer@^6.4.13":
    version "6.4.13"
    resolved "https://registry.npmjs.org/@types/nodemailer/-/nodemailer-6.4.13.tgz"
    integrity sha512-889Vq/77eEpidCwh52sVWpbnqQmIwL8yVBekNbrztVEaWKOCRH3Eq6hjIJh1jwsGDEAJEH0RR+YhpH9mfELLKA==
    dependencies:
      "@types/node" "*"
  
  "@types/qs@*":
    version "6.9.7"
    resolved "https://registry.npmjs.org/@types/qs/-/qs-6.9.7.tgz"
    integrity sha512-FGa1F62FT09qcrueBA6qYTrJPVDzah9a+493+o2PCXsesWHIn27G98TsSMs3WPNbZIEj4+VJf6saSFpvD+3Zsw==
  
  "@types/range-parser@*":
    version "1.2.4"
    resolved "https://registry.npmjs.org/@types/range-parser/-/range-parser-1.2.4.tgz"
    integrity sha512-EEhsLsD6UsDM1yFhAvy0Cjr6VwmpMWqFBCb9w07wVugF7w9nfajxLuVmngTIpgS6svCnm6Vaw+MZhoDCKnOfsw==
  
  "@types/send@*":
    version "0.17.1"
    resolved "https://registry.npmjs.org/@types/send/-/send-0.17.1.tgz"
    integrity sha512-Cwo8LE/0rnvX7kIIa3QHCkcuF21c05Ayb0ZfxPiv0W8VRiZiNW/WuRupHKpqqGVGf7SUA44QSOUKaEd9lIrd/Q==
    dependencies:
      "@types/mime" "^1"
      "@types/node" "*"
  
  "@types/serve-static@*":
    version "1.15.1"
    resolved "https://registry.npmjs.org/@types/serve-static/-/serve-static-1.15.1.tgz"
    integrity sha512-NUo5XNiAdULrJENtJXZZ3fHtfMolzZwczzBbnAeBbqBwG+LaG6YaJtuwzwGSQZ2wsCrxjEhNNjAkKigy3n8teQ==
    dependencies:
      "@types/mime" "*"
      "@types/node" "*"
  
  "@types/strip-bom@^3.0.0":
    version "3.0.0"
    resolved "https://registry.npmjs.org/@types/strip-bom/-/strip-bom-3.0.0.tgz"
    integrity sha512-xevGOReSYGM7g/kUBZzPqCrR/KYAo+F0yiPc85WFTJa0MSLtyFTVTU6cJu/aV4mid7IffDIWqo69THF2o4JiEQ==
  
  "@types/strip-json-comments@0.0.30":
    version "0.0.30"
    resolved "https://registry.npmjs.org/@types/strip-json-comments/-/strip-json-comments-0.0.30.tgz"
    integrity sha512-7NQmHra/JILCd1QqpSzl8+mJRc8ZHz3uDm8YV1Ks9IhK0epEiTw8aIErbvH9PI+6XbqhyIQy3462nEsn7UVzjQ==
  
  "@types/triple-beam@^1.3.2":
    version "1.3.2"
    resolved "https://registry.npmjs.org/@types/triple-beam/-/triple-beam-1.3.2.tgz"
    integrity sha512-txGIh+0eDFzKGC25zORnswy+br1Ha7hj5cMVwKIU7+s0U2AxxJru/jZSMU6OC9MJWP6+pc/hc6ZjyZShpsyY2g==
  
  "@types/webidl-conversions@*":
    version "7.0.0"
    resolved "https://registry.npmjs.org/@types/webidl-conversions/-/webidl-conversions-7.0.0.tgz"
    integrity sha512-xTE1E+YF4aWPJJeUzaZI5DRntlkY3+BCVJi0axFptnjGmAoWxkyREIh/XMrfxVLejwQxMCfDXdICo0VLxThrog==
  
  "@types/whatwg-url@^11.0.2":
    version "11.0.5"
    resolved "https://registry.yarnpkg.com/@types/whatwg-url/-/whatwg-url-11.0.5.tgz#aaa2546e60f0c99209ca13360c32c78caf2c409f"
    integrity sha512-coYR071JRaHa+xoEvvYqvnIHaVqaYrLPbsufM9BF63HkwI5Lgmy2QR8Q5K/lYDYo5AK82wOvSOS0UsLTpTG7uQ==
    dependencies:
      "@types/webidl-conversions" "*"
  
  "@typescript-eslint/eslint-plugin@^8.5.0":
    version "8.5.0"
    resolved "https://registry.yarnpkg.com/@typescript-eslint/eslint-plugin/-/eslint-plugin-8.5.0.tgz#7c1863693a98371703686e1c0fac64ffc576cdb1"
    integrity sha512-lHS5hvz33iUFQKuPFGheAB84LwcJ60G8vKnEhnfcK1l8kGVLro2SFYW6K0/tj8FUhRJ0VHyg1oAfg50QGbPPHw==
    dependencies:
      "@eslint-community/regexpp" "^4.10.0"
      "@typescript-eslint/scope-manager" "8.5.0"
      "@typescript-eslint/type-utils" "8.5.0"
      "@typescript-eslint/utils" "8.5.0"
      "@typescript-eslint/visitor-keys" "8.5.0"
      graphemer "^1.4.0"
      ignore "^5.3.1"
      natural-compare "^1.4.0"
      ts-api-utils "^1.3.0"
  
  "@typescript-eslint/parser@^8.5.0":
    version "8.5.0"
    resolved "https://registry.yarnpkg.com/@typescript-eslint/parser/-/parser-8.5.0.tgz#d590e1ef9f31f26d423999ad3f687723247e6bcc"
    integrity sha512-gF77eNv0Xz2UJg/NbpWJ0kqAm35UMsvZf1GHj8D9MRFTj/V3tAciIWXfmPLsAAF/vUlpWPvUDyH1jjsr0cMVWw==
    dependencies:
      "@typescript-eslint/scope-manager" "8.5.0"
      "@typescript-eslint/types" "8.5.0"
      "@typescript-eslint/typescript-estree" "8.5.0"
      "@typescript-eslint/visitor-keys" "8.5.0"
      debug "^4.3.4"
  
  "@typescript-eslint/scope-manager@8.5.0":
    version "8.5.0"
    resolved "https://registry.yarnpkg.com/@typescript-eslint/scope-manager/-/scope-manager-8.5.0.tgz#385341de65b976f02b295b8aca54bb4ffd6b5f07"
    integrity sha512-06JOQ9Qgj33yvBEx6tpC8ecP9o860rsR22hWMEd12WcTRrfaFgHr2RB/CA/B+7BMhHkXT4chg2MyboGdFGawYg==
    dependencies:
      "@typescript-eslint/types" "8.5.0"
      "@typescript-eslint/visitor-keys" "8.5.0"
  
  "@typescript-eslint/type-utils@8.5.0":
    version "8.5.0"
    resolved "https://registry.yarnpkg.com/@typescript-eslint/type-utils/-/type-utils-8.5.0.tgz#6215b23aa39dbbd8dde0a4ef9ee0f745410c29b1"
    integrity sha512-N1K8Ix+lUM+cIDhL2uekVn/ZD7TZW+9/rwz8DclQpcQ9rk4sIL5CAlBC0CugWKREmDjBzI/kQqU4wkg46jWLYA==
    dependencies:
      "@typescript-eslint/typescript-estree" "8.5.0"
      "@typescript-eslint/utils" "8.5.0"
      debug "^4.3.4"
      ts-api-utils "^1.3.0"
  
  "@typescript-eslint/types@8.5.0":
    version "8.5.0"
    resolved "https://registry.yarnpkg.com/@typescript-eslint/types/-/types-8.5.0.tgz#4465d99331d1276f8fb2030e4f9c73fe01a05bf9"
    integrity sha512-qjkormnQS5wF9pjSi6q60bKUHH44j2APxfh9TQRXK8wbYVeDYYdYJGIROL87LGZZ2gz3Rbmjc736qyL8deVtdw==
  
  "@typescript-eslint/typescript-estree@8.5.0":
    version "8.5.0"
    resolved "https://registry.yarnpkg.com/@typescript-eslint/typescript-estree/-/typescript-estree-8.5.0.tgz#6e5758cf2f63aa86e9ddfa4e284e2e0b81b87557"
    integrity sha512-vEG2Sf9P8BPQ+d0pxdfndw3xIXaoSjliG0/Ejk7UggByZPKXmJmw3GW5jV2gHNQNawBUyfahoSiCFVov0Ruf7Q==
    dependencies:
      "@typescript-eslint/types" "8.5.0"
      "@typescript-eslint/visitor-keys" "8.5.0"
      debug "^4.3.4"
      fast-glob "^3.3.2"
      is-glob "^4.0.3"
      minimatch "^9.0.4"
      semver "^7.6.0"
      ts-api-utils "^1.3.0"
  
  "@typescript-eslint/utils@8.5.0":
    version "8.5.0"
    resolved "https://registry.yarnpkg.com/@typescript-eslint/utils/-/utils-8.5.0.tgz#4d4ffed96d0654546a37faa5b84bdce16d951634"
    integrity sha512-6yyGYVL0e+VzGYp60wvkBHiqDWOpT63pdMV2CVG4LVDd5uR6q1qQN/7LafBZtAtNIn/mqXjsSeS5ggv/P0iECw==
    dependencies:
      "@eslint-community/eslint-utils" "^4.4.0"
      "@typescript-eslint/scope-manager" "8.5.0"
      "@typescript-eslint/types" "8.5.0"
      "@typescript-eslint/typescript-estree" "8.5.0"
  
  "@typescript-eslint/visitor-keys@8.5.0":
    version "8.5.0"
    resolved "https://registry.yarnpkg.com/@typescript-eslint/visitor-keys/-/visitor-keys-8.5.0.tgz#13028df3b866d2e3e2e2cc4193cf2c1e0e04c4bf"
    integrity sha512-yTPqMnbAZJNy2Xq2XU8AdtOW9tJIr+UQb64aXB9f3B1498Zx9JorVgFJcZpEc9UBuCCrdzKID2RGAMkYcDtZOw==
    dependencies:
      "@typescript-eslint/types" "8.5.0"
      eslint-visitor-keys "^3.4.3"
  
  abbrev@1:
    version "1.1.1"
    resolved "https://registry.npmjs.org/abbrev/-/abbrev-1.1.1.tgz"
    integrity sha512-nne9/IiQ/hzIhY6pdDnbBtz7DjPTKrY00P/zvPSm5pOFkl6xuGrGnXn/VtTNNfNtAfZ9/1RtehkszU9qcTii0Q==
  
  accepts@~1.3.8:
    version "1.3.8"
    resolved "https://registry.npmjs.org/accepts/-/accepts-1.3.8.tgz"
    integrity sha512-PYAthTa2m2VKxuvSD3DPC/Gy+U+sOA1LAuT8mkmRuvw+NACSaeXEQ+NHcVF7rONl6qcaxV3Uuemwawk+7+SJLw==
    dependencies:
      mime-types "~2.1.34"
      negotiator "0.6.3"
  
  acorn-jsx@^5.3.2:
    version "5.3.2"
    resolved "https://registry.yarnpkg.com/acorn-jsx/-/acorn-jsx-5.3.2.tgz#7ed5bb55908b3b2f1bc55c6af1653bada7f07937"
    integrity sha512-rq9s+JNhf0IChjtDXxllJ7g41oZk5SlXtp0LHwyA5cejwn7vKmKp4pPri6YEePv2PU65sAsegbXtIinmDFDXgQ==
  
  acorn-walk@^8.1.1:
    version "8.2.0"
    resolved "https://registry.npmjs.org/acorn-walk/-/acorn-walk-8.2.0.tgz"
    integrity sha512-k+iyHEuPgSw6SbuDpGQM+06HQUa04DZ3o+F6CSzXMvvI5KMvnaEqXe+YVe555R9nn6GPt404fos4wcgpw12SDA==
  
  acorn@^8.12.0:
    version "8.12.1"
    resolved "https://registry.yarnpkg.com/acorn/-/acorn-8.12.1.tgz#71616bdccbe25e27a54439e0046e89ca76df2248"
    integrity sha512-tcpGyI9zbizT9JbV6oYE477V6mTlXvvi0T0G3SNIYE2apm/G5huBa1+K89VGeovbg+jycCrfhl3ADxErOuO6Jg==
  
  acorn@^8.4.1:
    version "8.8.2"
    resolved "https://registry.npmjs.org/acorn/-/acorn-8.8.2.tgz"
    integrity sha512-xjIYgE8HBrkpd/sJqOGNspf8uHG+NOHGOw6a/Urj8taM2EXfdNAH2oFcPeIFfsv3+kz/mJrS5VuMqbNLjCa2vw==
  
  agent-base@6:
    version "6.0.2"
    resolved "https://registry.npmjs.org/agent-base/-/agent-base-6.0.2.tgz"
    integrity sha512-RZNwNclF7+MS/8bDg70amg32dyeZGZxiDuQmZxKLAlQjr3jGyLx+4Kkk58UO7D2QdgFIQCovuSuZESne6RG6XQ==
    dependencies:
      debug "4"
  
  ajv@^6.12.4:
    version "6.12.6"
    resolved "https://registry.npmjs.org/ajv/-/ajv-6.12.6.tgz"
    integrity sha512-j3fVLgvTo527anyYyJOGTYJbG+vnnQYvE0m5mmkc1TK+nxAppkCLMIL0aZ4dblVCNoGShhm+kzE4ZUykBoMg4g==
    dependencies:
      fast-deep-equal "^3.1.1"
      fast-json-stable-stringify "^2.0.0"
      json-schema-traverse "^0.4.1"
      uri-js "^4.2.2"
  
  ansi-escapes@^7.0.0:
    version "7.0.0"
    resolved "https://registry.yarnpkg.com/ansi-escapes/-/ansi-escapes-7.0.0.tgz#00fc19f491bbb18e1d481b97868204f92109bfe7"
    integrity sha512-GdYO7a61mR0fOlAsvC9/rIHf7L96sBc6dEWzeOu+KAea5bZyQRPIpojrVoI4AXGJS/ycu/fBTdLrUkA4ODrvjw==
    dependencies:
      environment "^1.0.0"
  
  ansi-regex@^5.0.1:
    version "5.0.1"
    resolved "https://registry.npmjs.org/ansi-regex/-/ansi-regex-5.0.1.tgz"
    integrity sha512-quJQXlTSUGL2LH9SUXo8VwsY4soanhgo6LNSm84E1LBcE8s3O0wpdiRzyR9z/ZZJMlMWv37qOOb9pdJlMUEKFQ==
  
  ansi-regex@^6.0.1:
    version "6.0.1"
    resolved "https://registry.npmjs.org/ansi-regex/-/ansi-regex-6.0.1.tgz"
    integrity sha512-n5M855fKb2SsfMIiFFoVrABHJC8QtHwVx+mHWP3QcEqBHYienj5dHSgjbxtC0WEZXYt4wcD6zrQElDPhFuZgfA==
  
  ansi-styles@^4.1.0:
    version "4.3.0"
    resolved "https://registry.npmjs.org/ansi-styles/-/ansi-styles-4.3.0.tgz"
    integrity sha512-zbB9rCJAT1rbjiVDb2hqKFHNYLxgtk8NURxZ3IZwD3F6NtxbXZQCnnSi1Lkx+IDohdPlFp222wVALIheZJQSEg==
    dependencies:
      color-convert "^2.0.1"
  
  ansi-styles@^6.0.0, ansi-styles@^6.2.1:
    version "6.2.1"
    resolved "https://registry.npmjs.org/ansi-styles/-/ansi-styles-6.2.1.tgz"
    integrity sha512-bN798gFfQX+viw3R7yrGWRqnrN2oRkEkUjjl4JNn4E8GxxbjtG3FbrEIIY3l8/hrwUwIeCZvi4QuOTP4MErVug==
  
  anymatch@~3.1.2:
    version "3.1.3"
    resolved "https://registry.npmjs.org/anymatch/-/anymatch-3.1.3.tgz"
    integrity sha512-KMReFUr0B4t+D+OBkjR3KYqvocp2XaSzO55UcB6mgQMd3KbcE+mWTyvVV7D/zsdEbNnV6acZUutkiHQXvTr1Rw==
    dependencies:
      normalize-path "^3.0.0"
      picomatch "^2.0.4"
  
  "aproba@^1.0.3 || ^2.0.0":
    version "2.0.0"
    resolved "https://registry.npmjs.org/aproba/-/aproba-2.0.0.tgz"
    integrity sha512-lYe4Gx7QT+MKGbDsA+Z+he/Wtef0BiwDOlK/XkBrdfsh9J/jPPXbX0tE9x9cl27Tmu5gg3QUbUrQYa/y+KOHPQ==
  
  are-we-there-yet@^2.0.0:
    version "2.0.0"
    resolved "https://registry.npmjs.org/are-we-there-yet/-/are-we-there-yet-2.0.0.tgz"
    integrity sha512-Ci/qENmwHnsYo9xKIcUJN5LeDKdJ6R1Z1j9V/J5wyq8nh/mYPEpIKJbBZXtZjG04HiK7zV/p6Vs9952MrMeUIw==
    dependencies:
      delegates "^1.0.0"
      readable-stream "^3.6.0"
  
  arg@^4.1.0:
    version "4.1.3"
    resolved "https://registry.npmjs.org/arg/-/arg-4.1.3.tgz"
    integrity sha512-58S9QDqG0Xx27YwPSt9fJxivjYl432YCwfDMfZ+71RAqUrZef7LrKQZ3LHLOwCS4FLNBplP533Zx895SeOCHvA==
  
  argparse@^2.0.1:
    version "2.0.1"
    resolved "https://registry.yarnpkg.com/argparse/-/argparse-2.0.1.tgz#246f50f3ca78a3240f6c997e8a9bd1eac49e4b38"
    integrity sha512-8+9WqebbFzpX9OR+Wa6O29asIogeRMzcGtAINdpMHHyAg10f05aSFVBbcEqGf/PXw1EjAZ+q2/bEBg3DvurK3Q==
  
  array-flatten@1.1.1:
    version "1.1.1"
    resolved "https://registry.npmjs.org/array-flatten/-/array-flatten-1.1.1.tgz"
    integrity sha512-PCVAQswWemu6UdxsDFFX/+gVeYqKAod3D3UVm91jHwynguOwAvYPhx8nNlM++NqRcK6CxxpUafjmhIdKiHibqg==
  
  ast-types@^0.16.1:
    version "0.16.1"
    resolved "https://registry.yarnpkg.com/ast-types/-/ast-types-0.16.1.tgz#7a9da1617c9081bc121faafe91711b4c8bb81da2"
    integrity sha512-6t10qk83GOG8p0vKmaCr8eiilZwO171AvbROMtvvNiwrTly62t+7XkA8RdIIVbpMhCASAsxgAzdRSwh6nw/5Dg==
    dependencies:
      tslib "^2.0.1"
  
  async@^3.2.3:
    version "3.2.4"
    resolved "https://registry.npmjs.org/async/-/async-3.2.4.tgz"
    integrity sha512-iAB+JbDEGXhyIUavoDl9WP/Jj106Kz9DEn1DPgYw5ruDn0e3Wgi3sKFm55sASdGBNOQB8F59d9qQ7deqrHA8wQ==
  
  balanced-match@^1.0.0:
    version "1.0.2"
    resolved "https://registry.npmjs.org/balanced-match/-/balanced-match-1.0.2.tgz"
    integrity sha512-3oSeUO0TMV67hN1AmbXsK4yaqU7tjiHlbxRDZOpH0KW9+CeX4bRAaX0Anxt0tx2MrpRpWwQaPwIlISEJhYU5Pw==
  
  bcrypt@^5.1.0:
    version "5.1.0"
    resolved "https://registry.npmjs.org/bcrypt/-/bcrypt-5.1.0.tgz"
    integrity sha512-RHBS7HI5N5tEnGTmtR/pppX0mmDSBpQ4aCBsj7CEQfYXDcO74A8sIBYcJMuCsis2E81zDxeENYhv66oZwLiA+Q==
    dependencies:
      "@mapbox/node-pre-gyp" "^1.0.10"
      node-addon-api "^5.0.0"
  
  binary-extensions@^2.0.0:
    version "2.2.0"
    resolved "https://registry.npmjs.org/binary-extensions/-/binary-extensions-2.2.0.tgz"
    integrity sha512-jDctJ/IVQbZoJykoeHbhXpOlNBqGNcwXJKJog42E5HDPUwQTSdjCHdihjj0DlnheQ7blbT6dHOafNAiS8ooQKA==
  
  body-parser@1.20.1:
    version "1.20.1"
    resolved "https://registry.npmjs.org/body-parser/-/body-parser-1.20.1.tgz"
    integrity sha512-jWi7abTbYwajOytWCQc37VulmWiRae5RyTpaCyDcS5/lMdtwSz5lOpDE67srw/HYe35f1z3fDQw+3txg7gNtWw==
    dependencies:
      bytes "3.1.2"
      content-type "~1.0.4"
      debug "2.6.9"
      depd "2.0.0"
      destroy "1.2.0"
      http-errors "2.0.0"
      iconv-lite "0.4.24"
      on-finished "2.4.1"
      qs "6.11.0"
      raw-body "2.5.1"
      type-is "~1.6.18"
      unpipe "1.0.0"
  
  brace-expansion@^1.1.7:
    version "1.1.11"
    resolved "https://registry.npmjs.org/brace-expansion/-/brace-expansion-1.1.11.tgz"
    integrity sha512-iCuPHDFgrHX7H2vEI/5xpz07zSHB00TpugqhmYtVmMO6518mCuRMoOYFldEBl0g187ufozdaHgWKcYFb61qGiA==
    dependencies:
      balanced-match "^1.0.0"
      concat-map "0.0.1"
  
  brace-expansion@^2.0.1:
    version "2.0.1"
    resolved "https://registry.yarnpkg.com/brace-expansion/-/brace-expansion-2.0.1.tgz#1edc459e0f0c548486ecf9fc99f2221364b9a0ae"
    integrity sha512-XnAIvQ8eM+kC6aULx6wuQiwVsnzsi9d3WxzV3FpWTGA19F621kwdbsAcFKXgKUHZWsy+mY6iL1sHTxWEFCytDA==
    dependencies:
      balanced-match "^1.0.0"
  
  braces@^3.0.2, braces@~3.0.2:
    version "3.0.2"
    resolved "https://registry.npmjs.org/braces/-/braces-3.0.2.tgz"
    integrity sha512-b8um+L1RzM3WDSzvhm6gIz1yfTbBt6YTlcEKAvsmqCZZFw46z626lVj9j1yEPW33H5H+lBQpZMP1k8l+78Ha0A==
    dependencies:
      fill-range "^7.0.1"
  
  braces@^3.0.3:
    version "3.0.3"
    resolved "https://registry.yarnpkg.com/braces/-/braces-3.0.3.tgz#490332f40919452272d55a8480adc0c441358789"
    integrity sha512-yQbXgO/OSZVD2IsiLlro+7Hf6Q18EJrKSEsdoMzKePKXct3gvD8oLcOQdIzGupr5Fj+EDe8gO/lxc1BzfMpxvA==
    dependencies:
      fill-range "^7.1.1"
  
  bson@^6.7.0:
    version "6.8.0"
    resolved "https://registry.yarnpkg.com/bson/-/bson-6.8.0.tgz#5063c41ba2437c2b8ff851b50d9e36cb7aaa7525"
    integrity sha512-iOJg8pr7wq2tg/zSlCCHMi3hMm5JTOxLTagf3zxhcenHsFp+c6uOs6K7W5UE7A4QIJGtqh/ZovFNMP4mOPJynQ==
  
  buffer-equal-constant-time@1.0.1:
    version "1.0.1"
    resolved "https://registry.npmjs.org/buffer-equal-constant-time/-/buffer-equal-constant-time-1.0.1.tgz"
    integrity sha512-zRpUiDwd/xk6ADqPMATG8vc9VPrkck7T07OIx0gnjmJAnHnTVXNQG3vfvWNuiZIkwu9KrKdA1iJKfsfTVxE6NA==
  
  buffer-from@^1.0.0:
    version "1.1.2"
    resolved "https://registry.npmjs.org/buffer-from/-/buffer-from-1.1.2.tgz"
    integrity sha512-E+XQCRwSbaaiChtv6k6Dwgc+bx+Bs6vuKJHHl5kox/BaKbhiXzqQOwK4cO22yElGp2OCmjwVhT3HmxgyPGnJfQ==
  
  bytes@3.1.2:
    version "3.1.2"
    resolved "https://registry.npmjs.org/bytes/-/bytes-3.1.2.tgz"
    integrity sha512-/Nf7TyzTx6S3yRJObOAV7956r8cr2+Oj8AC5dt8wSP3BQAoeX58NoHyCU8P8zGkNXStjTSi6fzO6F0pBdcYbEg==
  
  call-bind@^1.0.0:
    version "1.0.2"
    resolved "https://registry.npmjs.org/call-bind/-/call-bind-1.0.2.tgz"
    integrity sha512-7O+FbCihrB5WGbFYesctwmTKae6rOiIzmz1icreWJ+0aA7LJfuqhEso2T9ncpcFtzMQtzXf2QGGueWJGTYsqrA==
    dependencies:
      function-bind "^1.1.1"
      get-intrinsic "^1.0.2"
  
  callsites@^3.0.0:
    version "3.1.0"
    resolved "https://registry.npmjs.org/callsites/-/callsites-3.1.0.tgz"
    integrity sha512-P8BjAsXvZS+VIDUI11hHCQEv74YT67YUi5JJFNWIqL235sBmjX4+qx9Muvls5ivyNENctx46xQLQ3aTuE7ssaQ==
  
  camelcase@^8.0.0:
    version "8.0.0"
    resolved "https://registry.yarnpkg.com/camelcase/-/camelcase-8.0.0.tgz#c0d36d418753fb6ad9c5e0437579745c1c14a534"
    integrity sha512-8WB3Jcas3swSvjIeA2yvCJ+Miyz5l1ZmB6HFb9R1317dt9LCQoswg/BGrmAmkWVEszSrrg4RwmO46qIm2OEnSA==
  
  chalk@^4.0.0:
    version "4.1.2"
    resolved "https://registry.npmjs.org/chalk/-/chalk-4.1.2.tgz"
    integrity sha512-oKnbhFyRIXpUuez8iBMmyEa4nbj4IOQyuhc/wy9kY7/WVPcwIO9VA668Pu8RkO7+0G76SLROeyw9CpQ061i4mA==
    dependencies:
      ansi-styles "^4.1.0"
      supports-color "^7.1.0"
  
  chalk@~5.3.0:
    version "5.3.0"
    resolved "https://registry.yarnpkg.com/chalk/-/chalk-5.3.0.tgz#67c20a7ebef70e7f3970a01f90fa210cb6860385"
    integrity sha512-dLitG79d+GV1Nb/VYcCDFivJeK1hiukt9QjRNVOsUtTy1rR1YJsmpGGTZ3qJos+uw7WmWF4wUwBd9jxjocFC2w==
  
  chokidar@^3.5.1:
    version "3.5.3"
    resolved "https://registry.npmjs.org/chokidar/-/chokidar-3.5.3.tgz"
    integrity sha512-Dr3sfKRP6oTcjf2JmUmFJfeVMvXBdegxB0iVQ5eb2V10uFJUCAS8OByZdVAyVb8xXNz3GjjTgj9kLWsZTqE6kw==
    dependencies:
      anymatch "~3.1.2"
      braces "~3.0.2"
      glob-parent "~5.1.2"
      is-binary-path "~2.1.0"
      is-glob "~4.0.1"
      normalize-path "~3.0.0"
      readdirp "~3.6.0"
    optionalDependencies:
      fsevents "~2.3.2"
  
  chownr@^2.0.0:
    version "2.0.0"
    resolved "https://registry.npmjs.org/chownr/-/chownr-2.0.0.tgz"
    integrity sha512-bIomtDF5KGpdogkLd9VspvFzk9KfpyyGlS8YFVZl7TGPBHL5snIOnxeshwVgPteQ9b4Eydl+pVbIyE1DcvCWgQ==
  
  cli-cursor@^5.0.0:
    version "5.0.0"
    resolved "https://registry.yarnpkg.com/cli-cursor/-/cli-cursor-5.0.0.tgz#24a4831ecf5a6b01ddeb32fb71a4b2088b0dce38"
    integrity sha512-aCj4O5wKyszjMmDT4tZj93kxyydN/K5zPWSCe6/0AV/AA1pqe5ZBIw0a2ZfPQV7lL5/yb5HsUreJ6UFAF1tEQw==
    dependencies:
      restore-cursor "^5.0.0"
  
  cli-truncate@^4.0.0:
    version "4.0.0"
    resolved "https://registry.yarnpkg.com/cli-truncate/-/cli-truncate-4.0.0.tgz#6cc28a2924fee9e25ce91e973db56c7066e6172a"
    integrity sha512-nPdaFdQ0h/GEigbPClz11D0v/ZJEwxmeVZGeMo3Z5StPtUTkA9o1lD6QwoirYiSDzbcwn2XcjwmCp68W1IS4TA==
    dependencies:
      slice-ansi "^5.0.0"
      string-width "^7.0.0"
  
  cluster-key-slot@1.1.2:
    version "1.1.2"
    resolved "https://registry.npmjs.org/cluster-key-slot/-/cluster-key-slot-1.1.2.tgz"
    integrity sha512-RMr0FhtfXemyinomL4hrWcYJxmX6deFdCxpJzhDttxgO1+bcCnkk+9drydLVDmAMG7NE6aN/fl4F7ucU/90gAA==
  
  color-convert@^1.9.3:
    version "1.9.3"
    resolved "https://registry.npmjs.org/color-convert/-/color-convert-1.9.3.tgz"
    integrity sha512-QfAUtd+vFdAtFQcC8CCyYt1fYWxSqAiK2cSD6zDB8N3cpsEBAvRxp9zOGg6G/SHHJYAT88/az/IuDGALsNVbGg==
    dependencies:
      color-name "1.1.3"
  
  color-convert@^2.0.1:
    version "2.0.1"
    resolved "https://registry.npmjs.org/color-convert/-/color-convert-2.0.1.tgz"
    integrity sha512-RRECPsj7iu/xb5oKYcsFHSppFNnsj/52OVTRKb4zP5onXwVF3zVmmToNcOfGC+CRDpfK/U584fMg38ZHCaElKQ==
    dependencies:
      color-name "~1.1.4"
  
  color-name@1.1.3:
    version "1.1.3"
    resolved "https://registry.npmjs.org/color-name/-/color-name-1.1.3.tgz"
    integrity sha512-72fSenhMw2HZMTVHeCA9KCmpEIbzWiQsjN+BHcBbS9vr1mtt+vJjPdksIBNUmKAW8TFUDPJK5SUU3QhE9NEXDw==
  
  color-name@^1.0.0, color-name@~1.1.4:
    version "1.1.4"
    resolved "https://registry.npmjs.org/color-name/-/color-name-1.1.4.tgz"
    integrity sha512-dOy+3AuW3a2wNbZHIuMZpTcgjGuLU/uBL/ubcZF9OXbDo8ff4O8yVp5Bf0efS8uEoYo5q4Fx7dY9OgQGXgAsQA==
  
  color-string@^1.6.0:
    version "1.9.1"
    resolved "https://registry.npmjs.org/color-string/-/color-string-1.9.1.tgz"
    integrity sha512-shrVawQFojnZv6xM40anx4CkoDP+fZsw/ZerEMsW/pyzsRbElpsL/DBVW7q3ExxwusdNXI3lXpuhEZkzs8p5Eg==
    dependencies:
      color-name "^1.0.0"
      simple-swizzle "^0.2.2"
  
  color-support@^1.1.2:
    version "1.1.3"
    resolved "https://registry.npmjs.org/color-support/-/color-support-1.1.3.tgz"
    integrity sha512-qiBjkpbMLO/HL68y+lh4q0/O1MZFj2RX6X/KmMa3+gJD3z+WwI1ZzDHysvqHGS3mP6mznPckpXmw1nI9cJjyRg==
  
  color@^3.1.3:
    version "3.2.1"
    resolved "https://registry.npmjs.org/color/-/color-3.2.1.tgz"
    integrity sha512-aBl7dZI9ENN6fUGC7mWpMTPNHmWUSNan9tuWN6ahh5ZLNk9baLJOnSMlrQkHcrfFgz2/RigjUVAjdx36VcemKA==
    dependencies:
      color-convert "^1.9.3"
      color-string "^1.6.0"
  
  colorette@^2.0.20:
    version "2.0.20"
    resolved "https://registry.yarnpkg.com/colorette/-/colorette-2.0.20.tgz#9eb793e6833067f7235902fcd3b09917a000a95a"
    integrity sha512-IfEDxwoWIjkeXL1eXcDiow4UbKjhLdq6/EuSVR9GMN7KVH3r9gQ83e73hsz1Nd1T3ijd5xv1wcWRYO+D6kCI2w==
  
  colorspace@1.1.x:
    version "1.1.4"
    resolved "https://registry.npmjs.org/colorspace/-/colorspace-1.1.4.tgz"
    integrity sha512-BgvKJiuVu1igBUF2kEjRCZXol6wiiGbY5ipL/oVPwm0BL9sIpMIzM8IK7vwuxIIzOXMV3Ey5w+vxhm0rR/TN8w==
    dependencies:
      color "^3.1.3"
      text-hex "1.0.x"
  
  commander@~12.1.0:
    version "12.1.0"
    resolved "https://registry.yarnpkg.com/commander/-/commander-12.1.0.tgz#01423b36f501259fdaac4d0e4d60c96c991585d3"
    integrity sha512-Vw8qHK3bZM9y/P10u3Vib8o/DdkvA2OtPtZvD871QKjy74Wj1WSKFILMPRPSdUSx5RFK1arlJzEtA4PkFgnbuA==
  
  concat-map@0.0.1:
    version "0.0.1"
    resolved "https://registry.npmjs.org/concat-map/-/concat-map-0.0.1.tgz"
    integrity sha512-/Srv4dswyQNBfohGpz9o6Yb3Gz3SrUDqBH5rTuhGR7ahtlbYKnVxw2bCFMRljaA7EXHaXZ8wsHdodFvbkhKmqg==
  
  console-control-strings@^1.0.0, console-control-strings@^1.1.0:
    version "1.1.0"
    resolved "https://registry.npmjs.org/console-control-strings/-/console-control-strings-1.1.0.tgz"
    integrity sha512-ty/fTekppD2fIwRvnZAVdeOiGd1c7YXEixbgJTNzqcxJWKQnjJ/V1bNEEE6hygpM3WjwHFUVK6HTjWSzV4a8sQ==
  
  content-disposition@0.5.4:
    version "0.5.4"
    resolved "https://registry.npmjs.org/content-disposition/-/content-disposition-0.5.4.tgz"
    integrity sha512-FveZTNuGw04cxlAiWbzi6zTAL/lhehaWbTtgluJh4/E95DqMwTmha3KZN1aAWA8cFIhHzMZUvLevkw5Rqk+tSQ==
    dependencies:
      safe-buffer "5.2.1"
  
  content-type@~1.0.4:
    version "1.0.5"
    resolved "https://registry.npmjs.org/content-type/-/content-type-1.0.5.tgz"
    integrity sha512-nTjqfcBFEipKdXCv4YDQWCfmcLZKm81ldF0pAopTvyrFGVbcR6P/VAAd5G7N+0tTr8QqiU0tFadD6FK4NtJwOA==
  
  cookie-parser@^1.4.6:
    version "1.4.6"
    resolved "https://registry.npmjs.org/cookie-parser/-/cookie-parser-1.4.6.tgz"
    integrity sha512-z3IzaNjdwUC2olLIB5/ITd0/setiaFMLYiZJle7xg5Fe9KWAceil7xszYfHHBtDFYLSgJduS2Ty0P1uJdPDJeA==
    dependencies:
      cookie "0.4.1"
      cookie-signature "1.0.6"
  
  cookie-signature@1.0.6:
    version "1.0.6"
    resolved "https://registry.npmjs.org/cookie-signature/-/cookie-signature-1.0.6.tgz"
    integrity sha512-QADzlaHc8icV8I7vbaJXJwod9HWYp8uCqf1xa4OfNu1T7JVxQIrUgOWtHdNDtPiywmFbiS12VjotIXLrKM3orQ==
  
  cookie@0.4.1:
    version "0.4.1"
    resolved "https://registry.npmjs.org/cookie/-/cookie-0.4.1.tgz"
    integrity sha512-ZwrFkGJxUR3EIoXtO+yVE69Eb7KlixbaeAWfBQB9vVsNn/o+Yw69gBWSSDK825hQNdN+wF8zELf3dFNl/kxkUA==
  
  cookie@0.5.0:
    version "0.5.0"
    resolved "https://registry.npmjs.org/cookie/-/cookie-0.5.0.tgz"
    integrity sha512-YZ3GUyn/o8gfKJlnlX7g7xq4gyO6OSuhGPKaaGssGB2qgDUS0gPgtTvoyZLTt9Ab6dC4hfc9dV5arkvc/OCmrw==
  
  cors@^2.8.5:
    version "2.8.5"
    resolved "https://registry.npmjs.org/cors/-/cors-2.8.5.tgz"
    integrity sha512-KIHbLJqu73RGr/hnbrO9uBeixNGuvSQjul/jdFvS/KFSIH1hWVd1ng7zOHx+YrEfInLG7q4n6GHQ9cDtxv/P6g==
    dependencies:
      object-assign "^4"
      vary "^1"
  
  create-require@^1.1.0:
    version "1.1.1"
    resolved "https://registry.npmjs.org/create-require/-/create-require-1.1.1.tgz"
    integrity sha512-dcKFX3jn0MpIaXjisoRvexIJVEKzaq7z2rZKxf+MSr9TkdmHmsU4m2lcLojrj/FHl8mk5VxMmYA+ftRkP/3oKQ==
  
  cross-spawn@^7.0.2, cross-spawn@^7.0.3:
    version "7.0.3"
    resolved "https://registry.npmjs.org/cross-spawn/-/cross-spawn-7.0.3.tgz"
    integrity sha512-iRDPJKUPVEND7dHPO8rkbOnPpyDygcDFtWjpeWNCgy8WP2rXcxXL8TskReQl6OrB2G7+UJrags1q15Fudc7G6w==
    dependencies:
      path-key "^3.1.0"
      shebang-command "^2.0.0"
      which "^2.0.1"
  
  daemon@>=0.3.0:
    version "1.1.0"
    resolved "https://registry.yarnpkg.com/daemon/-/daemon-1.1.0.tgz#6c5102c81db0be856fc9008fc2c935b398864ae8"
    integrity sha512-1vX9YVcP21gt12nSD3SQRC/uPU7fyA6M8qyClTBIFuiRWoylFn57PwXhjBAqRl085bZAje7sILhZU48qcS9SWw==
  
  debug@2.6.9:
    version "2.6.9"
    resolved "https://registry.npmjs.org/debug/-/debug-2.6.9.tgz"
    integrity sha512-bC7ElrdJaJnPbAP+1EotYvqZsb3ecl5wi6Bfi6BJTUcNowp6cvspg0jXznRTKDjm/E7AdgFBVeAPVMNcKGsHMA==
    dependencies:
      ms "2.0.0"
  
  debug@4, debug@4.x, debug@^4.3.4:
    version "4.3.4"
    resolved "https://registry.npmjs.org/debug/-/debug-4.3.4.tgz"
    integrity sha512-PRWFHuSU3eDtQJPvnNY7Jcket1j0t5OuOsFzPPzsekD52Zl8qUfFIPEiswXqIvHWGVHOgX+7G/vCNNhehwxfkQ==
    dependencies:
      ms "2.1.2"
  
  debug@^4.3.1, debug@^4.3.2, debug@~4.3.6:
    version "4.3.7"
    resolved "https://registry.yarnpkg.com/debug/-/debug-4.3.7.tgz#87945b4151a011d76d95a198d7111c865c360a52"
    integrity sha512-Er2nc/H7RrMXZBFCEim6TCmMk02Z8vLC2Rbi1KEBggpo0fS6l0S1nnapwmIi3yW/+GOJap1Krg4w0Hg80oCqgQ==
    dependencies:
      ms "^2.1.3"
  
  deep-is@^0.1.3:
    version "0.1.4"
    resolved "https://registry.npmjs.org/deep-is/-/deep-is-0.1.4.tgz"
    integrity sha512-oIPzksmTg4/MriiaYGO+okXDT7ztn/w3Eptv/+gSIdMdKsJo0u4CfYNFJPy+4SKMuCqGw2wxnA+URMg3t8a/bQ==
  
  delegates@^1.0.0:
    version "1.0.0"
    resolved "https://registry.npmjs.org/delegates/-/delegates-1.0.0.tgz"
    integrity sha512-bd2L678uiWATM6m5Z1VzNCErI3jiGzt6HGY8OVICs40JQq/HALfbyNJmp0UDakEY4pMMaN0Ly5om/B1VI/+xfQ==
  
  depd@2.0.0:
    version "2.0.0"
    resolved "https://registry.npmjs.org/depd/-/depd-2.0.0.tgz"
    integrity sha512-g7nH6P6dyDioJogAAGprGpCtVImJhpPk/roCzdb3fIh61/s/nPsfR6onyMwkCAR/OlC3yBC0lESvUoQEAssIrw==
  
  destroy@1.2.0:
    version "1.2.0"
    resolved "https://registry.npmjs.org/destroy/-/destroy-1.2.0.tgz"
    integrity sha512-2sJGJTaXIIaR1w4iJSNoN0hnMY7Gpc/n8D4qSCJw8QqFWXf7cuAgnEHxBpweaVcPevC2l3KpjYCx3NypQQgaJg==
  
  detect-libc@^2.0.0:
    version "2.0.1"
    resolved "https://registry.npmjs.org/detect-libc/-/detect-libc-2.0.1.tgz"
    integrity sha512-463v3ZeIrcWtdgIg6vI6XUncguvr2TnGl4SzDXinkt9mSLpBJKXT3mW6xT3VQdDN11+WVs29pgvivTc4Lp8v+w==
  
  diff@^4.0.1:
    version "4.0.2"
    resolved "https://registry.npmjs.org/diff/-/diff-4.0.2.tgz"
    integrity sha512-58lmxKSA4BNyLz+HHMUzlOEpg09FV+ev6ZMe3vJihgdxzgcwZ8VoEEPmALCZG9LmqfVoNMMKpttIYTVG6uDY7A==
  
  dotenv@^16.0.3:
    version "16.0.3"
    resolved "https://registry.npmjs.org/dotenv/-/dotenv-16.0.3.tgz"
    integrity sha512-7GO6HghkA5fYG9TYnNxi14/7K9f5occMlp3zXAuSxn7CKCxt9xbNWG7yF8hTCSUchlfWSe3uLmlPfigevRItzQ==
  
  dynamic-dedupe@^0.3.0:
    version "0.3.0"
    resolved "https://registry.npmjs.org/dynamic-dedupe/-/dynamic-dedupe-0.3.0.tgz"
    integrity sha512-ssuANeD+z97meYOqd50e04Ze5qp4bPqo8cCkI4TRjZkzAUgIDTrXV1R8QCdINpiI+hw14+rYazvTRdQrz0/rFQ==
    dependencies:
      xtend "^4.0.0"
  
  ecdsa-sig-formatter@1.0.11:
    version "1.0.11"
    resolved "https://registry.npmjs.org/ecdsa-sig-formatter/-/ecdsa-sig-formatter-1.0.11.tgz"
    integrity sha512-nagl3RYrbNv6kQkeJIpt6NJZy8twLB/2vtz6yN9Z4vRKHN4/QZJIEbqohALSgwKdnksuY3k5Addp5lg8sVoVcQ==
    dependencies:
      safe-buffer "^5.0.1"
  
  ee-first@1.1.1:
    version "1.1.1"
    resolved "https://registry.npmjs.org/ee-first/-/ee-first-1.1.1.tgz"
    integrity sha512-WMwm9LhRUo+WUaRN+vRuETqG89IgZphVSNkdFgeb6sS/E4OrDIN7t48CAewSHXc6C8lefD8KKfr5vY61brQlow==
  
  emoji-regex@^10.3.0:
    version "10.4.0"
    resolved "https://registry.yarnpkg.com/emoji-regex/-/emoji-regex-10.4.0.tgz#03553afea80b3975749cfcb36f776ca268e413d4"
    integrity sha512-EC+0oUMY1Rqm4O6LLrgjtYDvcVYTy7chDnM4Q7030tP4Kwj3u/pR6gP9ygnp2CJMK5Gq+9Q2oqmrFJAz01DXjw==
  
  emoji-regex@^8.0.0:
    version "8.0.0"
    resolved "https://registry.npmjs.org/emoji-regex/-/emoji-regex-8.0.0.tgz"
    integrity sha512-MSjYzcWNOA0ewAHpz0MxpYFvwg6yjy1NG3xteoqz644VCo/RPgnr1/GGt+ic3iJTzQ8Eu3TdM14SawnVUmGE6A==
  
  enabled@2.0.x:
    version "2.0.0"
    resolved "https://registry.npmjs.org/enabled/-/enabled-2.0.0.tgz"
    integrity sha512-AKrN98kuwOzMIdAizXGI86UFBoo26CL21UM763y1h/GMSJ4/OHU9k2YlsmBpyScFo/wbLzWQJBMCW4+IO3/+OQ==
  
  encodeurl@~1.0.2:
    version "1.0.2"
    resolved "https://registry.npmjs.org/encodeurl/-/encodeurl-1.0.2.tgz"
    integrity sha512-TPJXq8JqFaVYm2CWmPvnP2Iyo4ZSM7/QKcSmuMLDObfpH5fi7RUGmd/rTDf+rut/saiDiQEeVTNgAmJEdAOx0w==
  
  environment@^1.0.0:
    version "1.1.0"
    resolved "https://registry.yarnpkg.com/environment/-/environment-1.1.0.tgz#8e86c66b180f363c7ab311787e0259665f45a9f1"
    integrity sha512-xUtoPkMggbz0MPyPiIWr1Kp4aeWJjDZ6SMvURhimjdZgsRuDplF5/s9hcgGhyXMhs+6vpnuoiZ2kFiu3FMnS8Q==
  
  escape-html@~1.0.3:
    version "1.0.3"
    resolved "https://registry.npmjs.org/escape-html/-/escape-html-1.0.3.tgz"
    integrity sha512-NiSupZ4OeuGwr68lGIeym/ksIZMJodUGOSCZ/FSnTxcrekbvqrgdUxlJOMpijaKZVjAJrWrGs/6Jy8OMuyj9ow==
  
  escape-string-regexp@^4.0.0:
    version "4.0.0"
    resolved "https://registry.npmjs.org/escape-string-regexp/-/escape-string-regexp-4.0.0.tgz"
    integrity sha512-TtpcNJ3XAzx3Gq8sWRzJaVajRs0uVxA2YAkdb1jm2YkPz4G6egUFAyA3n5vtEIZefPk5Wa4UXbKuS5fKkJWdgA==
  
  eslint-config-prettier@^9.1.0:
    version "9.1.0"
    resolved "https://registry.yarnpkg.com/eslint-config-prettier/-/eslint-config-prettier-9.1.0.tgz#31af3d94578645966c082fcb71a5846d3c94867f"
    integrity sha512-NSWl5BFQWEPi1j4TjVNItzYV7dZXZ+wP6I6ZhrBGpChQhZRUaElihE9uRRkcbRnNb76UMKDF3r+WTmNcGPKsqw==
  
  eslint-plugin-prettier@^5.2.1:
    version "5.2.1"
    resolved "https://registry.yarnpkg.com/eslint-plugin-prettier/-/eslint-plugin-prettier-5.2.1.tgz#d1c8f972d8f60e414c25465c163d16f209411f95"
    integrity sha512-gH3iR3g4JfF+yYPaJYkN7jEl9QbweL/YfkoRlNnuIEHEz1vHVlCmWOS+eGGiRuzHQXdJFCOTxRgvju9b8VUmrw==
    dependencies:
      prettier-linter-helpers "^1.0.0"
      synckit "^0.9.1"
  
  eslint-scope@^8.0.2:
    version "8.0.2"
    resolved "https://registry.yarnpkg.com/eslint-scope/-/eslint-scope-8.0.2.tgz#5cbb33d4384c9136083a71190d548158fe128f94"
    integrity sha512-6E4xmrTw5wtxnLA5wYL3WDfhZ/1bUBGOXV0zQvVRDOtrR8D0p6W7fs3JweNYhwRYeGvd/1CKX2se0/2s7Q/nJA==
    dependencies:
      esrecurse "^4.3.0"
      estraverse "^5.2.0"
  
  eslint-visitor-keys@^3.3.0, eslint-visitor-keys@^3.4.3:
    version "3.4.3"
    resolved "https://registry.yarnpkg.com/eslint-visitor-keys/-/eslint-visitor-keys-3.4.3.tgz#0cd72fe8550e3c2eae156a96a4dddcd1c8ac5800"
    integrity sha512-wpc+LXeiyiisxPlEkUzU6svyS1frIO3Mgxj1fdy7Pm8Ygzguax2N3Fa/D/ag1WqbOprdI+uY6wMUl8/a2G+iag==
  
  eslint-visitor-keys@^4.0.0:
    version "4.0.0"
    resolved "https://registry.yarnpkg.com/eslint-visitor-keys/-/eslint-visitor-keys-4.0.0.tgz#e3adc021aa038a2a8e0b2f8b0ce8f66b9483b1fb"
    integrity sha512-OtIRv/2GyiF6o/d8K7MYKKbXrOUBIK6SfkIRM4Z0dY3w+LiQ0vy3F57m0Z71bjbyeiWFiHJ8brqnmE6H6/jEuw==
  
  eslint@^9.10.0:
    version "9.10.0"
    resolved "https://registry.yarnpkg.com/eslint/-/eslint-9.10.0.tgz#0bd74d7fe4db77565d0e7f57c7df6d2b04756806"
    integrity sha512-Y4D0IgtBZfOcOUAIQTSXBKoNGfY0REGqHJG6+Q81vNippW5YlKjHFj4soMxamKK1NXHUWuBZTLdU3Km+L/pcHw==
    dependencies:
      "@eslint-community/eslint-utils" "^4.2.0"
      "@eslint-community/regexpp" "^4.11.0"
      "@eslint/config-array" "^0.18.0"
      "@eslint/eslintrc" "^3.1.0"
      "@eslint/js" "9.10.0"
      "@eslint/plugin-kit" "^0.1.0"
      "@humanwhocodes/module-importer" "^1.0.1"
      "@humanwhocodes/retry" "^0.3.0"
      "@nodelib/fs.walk" "^1.2.8"
      ajv "^6.12.4"
      chalk "^4.0.0"
      cross-spawn "^7.0.2"
      debug "^4.3.2"
      escape-string-regexp "^4.0.0"
      eslint-scope "^8.0.2"
      eslint-visitor-keys "^4.0.0"
      espree "^10.1.0"
      esquery "^1.5.0"
      esutils "^2.0.2"
      fast-deep-equal "^3.1.3"
      file-entry-cache "^8.0.0"
      find-up "^5.0.0"
      glob-parent "^6.0.2"
      ignore "^5.2.0"
      imurmurhash "^0.1.4"
      is-glob "^4.0.0"
      is-path-inside "^3.0.3"
      json-stable-stringify-without-jsonify "^1.0.1"
      lodash.merge "^4.6.2"
      minimatch "^3.1.2"
      natural-compare "^1.4.0"
      optionator "^0.9.3"
      strip-ansi "^6.0.1"
      text-table "^0.2.0"
  
  espree@^10.0.1, espree@^10.1.0:
    version "10.1.0"
    resolved "https://registry.yarnpkg.com/espree/-/espree-10.1.0.tgz#8788dae611574c0f070691f522e4116c5a11fc56"
    integrity sha512-M1M6CpiE6ffoigIOWYO9UDP8TMUw9kqb21tf+08IgDYjCsOvCuDt4jQcZmoYxx+w7zlKw9/N0KXfto+I8/FrXA==
    dependencies:
      acorn "^8.12.0"
      acorn-jsx "^5.3.2"
      eslint-visitor-keys "^4.0.0"
  
  esprima@~4.0.0:
    version "4.0.1"
    resolved "https://registry.yarnpkg.com/esprima/-/esprima-4.0.1.tgz#13b04cdb3e6c5d19df91ab6987a8695619b0aa71"
    integrity sha512-eGuFFw7Upda+g4p+QHvnW0RyTX/SVeJBDM/gCtMARO0cLuT2HcEKnTPvhjV6aGeqrCB/sbNop0Kszm0jsaWU4A==
  
  esquery@^1.5.0:
    version "1.6.0"
    resolved "https://registry.yarnpkg.com/esquery/-/esquery-1.6.0.tgz#91419234f804d852a82dceec3e16cdc22cf9dae7"
    integrity sha512-ca9pw9fomFcKPvFLXhBKUK90ZvGibiGOvRJNbjljY7s7uq/5YO4BOzcYtJqExdx99rF6aAcnRxHmcUHcz6sQsg==
    dependencies:
      estraverse "^5.1.0"
  
  esrecurse@^4.3.0:
    version "4.3.0"
    resolved "https://registry.npmjs.org/esrecurse/-/esrecurse-4.3.0.tgz"
    integrity sha512-KmfKL3b6G+RXvP8N1vr3Tq1kL/oCFgn2NYXEtqP8/L3pKapUA4G8cFVaoF3SU323CD4XypR/ffioHmkti6/Tag==
    dependencies:
      estraverse "^5.2.0"
  
  estraverse@^5.1.0, estraverse@^5.2.0:
    version "5.3.0"
    resolved "https://registry.npmjs.org/estraverse/-/estraverse-5.3.0.tgz"
    integrity sha512-MMdARuVEQziNTeJD8DgMqmhwR11BRQ/cBP+pLtYdSTnf3MIO8fFeiINEbX36ZdNlfU/7A9f3gUw49B3oQsvwBA==
  
  esutils@^2.0.2:
    version "2.0.3"
    resolved "https://registry.npmjs.org/esutils/-/esutils-2.0.3.tgz"
    integrity sha512-kVscqXk4OCp68SZ0dkgEKVi6/8ij300KBWTJq32P/dYeWTSwK41WyTxalN1eRmA5Z9UU/LX9D7FWSmV9SAYx6g==
  
  etag@~1.8.1:
    version "1.8.1"
    resolved "https://registry.npmjs.org/etag/-/etag-1.8.1.tgz"
    integrity sha512-aIL5Fx7mawVa300al2BnEE4iNvo1qETxLrPI/o05L7z6go7fCw1J6EQmbK4FmJ2AS7kgVF/KEZWufBfdClMcPg==
  
  eventemitter3@^5.0.1:
    version "5.0.1"
    resolved "https://registry.yarnpkg.com/eventemitter3/-/eventemitter3-5.0.1.tgz#53f5ffd0a492ac800721bb42c66b841de96423c4"
    integrity sha512-GWkBvjiSZK87ELrYOSESUYeVIc9mvLLf/nXalMOS5dYrgZq9o5OVkbZAVM06CVxYsCwH9BDZFPlQTlPA1j4ahA==
  
  execa@~8.0.1:
    version "8.0.1"
    resolved "https://registry.yarnpkg.com/execa/-/execa-8.0.1.tgz#51f6a5943b580f963c3ca9c6321796db8cc39b8c"
    integrity sha512-VyhnebXciFV2DESc+p6B+y0LjSm0krU4OgJN44qFAhBY0TJ+1V61tYD2+wHusZ6F9n5K+vl8k0sTy7PEfV4qpg==
    dependencies:
      cross-spawn "^7.0.3"
      get-stream "^8.0.1"
      human-signals "^5.0.0"
      is-stream "^3.0.0"
      merge-stream "^2.0.0"
      npm-run-path "^5.1.0"
      onetime "^6.0.0"
      signal-exit "^4.1.0"
      strip-final-newline "^3.0.0"
  
  express@^4.18.2:
    version "4.18.2"
    resolved "https://registry.npmjs.org/express/-/express-4.18.2.tgz"
    integrity sha512-5/PsL6iGPdfQ/lKM1UuielYgv3BUoJfz1aUwU9vHZ+J7gyvwdQXFEBIEIaxeGf0GIcreATNyBExtalisDbuMqQ==
    dependencies:
      accepts "~1.3.8"
      array-flatten "1.1.1"
      body-parser "1.20.1"
      content-disposition "0.5.4"
      content-type "~1.0.4"
      cookie "0.5.0"
      cookie-signature "1.0.6"
      debug "2.6.9"
      depd "2.0.0"
      encodeurl "~1.0.2"
      escape-html "~1.0.3"
      etag "~1.8.1"
      finalhandler "1.2.0"
      fresh "0.5.2"
      http-errors "2.0.0"
      merge-descriptors "1.0.1"
      methods "~1.1.2"
      on-finished "2.4.1"
      parseurl "~1.3.3"
      path-to-regexp "0.1.7"
      proxy-addr "~2.0.7"
      qs "6.11.0"
      range-parser "~1.2.1"
      safe-buffer "5.2.1"
      send "0.18.0"
      serve-static "1.15.0"
      setprototypeof "1.2.0"
      statuses "2.0.1"
      type-is "~1.6.18"
      utils-merge "1.0.1"
      vary "~1.1.2"
  
  fast-deep-equal@^3.1.1, fast-deep-equal@^3.1.3:
    version "3.1.3"
    resolved "https://registry.npmjs.org/fast-deep-equal/-/fast-deep-equal-3.1.3.tgz"
    integrity sha512-f3qQ9oQy9j2AhBe/H9VC91wLmKBCCU/gDOnKNAYG5hswO7BLKj09Hc5HYNz9cGI++xlpDCIgDaitVs03ATR84Q==
  
  fast-diff@^1.1.2:
    version "1.3.0"
    resolved "https://registry.yarnpkg.com/fast-diff/-/fast-diff-1.3.0.tgz#ece407fa550a64d638536cd727e129c61616e0f0"
    integrity sha512-VxPP4NqbUjj6MaAOafWeUn2cXWLcCtljklUtZf0Ind4XQ+QPtmA0b18zZy0jIQx+ExRVCR/ZQpBmik5lXshNsw==
  
  fast-glob@^3.3.2:
    version "3.3.2"
    resolved "https://registry.yarnpkg.com/fast-glob/-/fast-glob-3.3.2.tgz#a904501e57cfdd2ffcded45e99a54fef55e46129"
    integrity sha512-oX2ruAFQwf/Orj8m737Y5adxDQO0LAB7/S5MnxCdTNDd4p6BsyIVsv9JQsATbTSq8KHRpLwIHbVlUNatxd+1Ow==
    dependencies:
      "@nodelib/fs.stat" "^2.0.2"
      "@nodelib/fs.walk" "^1.2.3"
      glob-parent "^5.1.2"
      merge2 "^1.3.0"
      micromatch "^4.0.4"
  
  fast-json-stable-stringify@^2.0.0:
    version "2.1.0"
    resolved "https://registry.npmjs.org/fast-json-stable-stringify/-/fast-json-stable-stringify-2.1.0.tgz"
    integrity sha512-lhd/wF+Lk98HZoTCtlVraHtfh5XYijIjalXck7saUtuanSDyLMxnHhSXEDJqHxD7msR8D0uCmqlkwjCV8xvwHw==
  
  fast-levenshtein@^2.0.6:
    version "2.0.6"
    resolved "https://registry.npmjs.org/fast-levenshtein/-/fast-levenshtein-2.0.6.tgz"
    integrity sha512-DCXu6Ifhqcks7TZKY3Hxp3y6qphY5SJZmrWMDrKcERSOXWQdMhU9Ig/PYrzyw/ul9jOIyh0N4M0tbC5hodg8dw==
  
  fastq@^1.6.0:
    version "1.15.0"
    resolved "https://registry.npmjs.org/fastq/-/fastq-1.15.0.tgz"
    integrity sha512-wBrocU2LCXXa+lWBt8RoIRD89Fi8OdABODa/kEnyeyjS5aZO5/GNvI5sEINADqP/h8M29UHTHUb53sUu5Ihqdw==
    dependencies:
      reusify "^1.0.4"
  
  fecha@^4.2.0:
    version "4.2.3"
    resolved "https://registry.npmjs.org/fecha/-/fecha-4.2.3.tgz"
    integrity sha512-OP2IUU6HeYKJi3i0z4A19kHMQoLVs4Hc+DPqqxI2h/DPZHTm/vjsfC6P0b4jCMy14XizLBqvndQ+UilD7707Jw==
  
  file-entry-cache@^8.0.0:
    version "8.0.0"
    resolved "https://registry.yarnpkg.com/file-entry-cache/-/file-entry-cache-8.0.0.tgz#7787bddcf1131bffb92636c69457bbc0edd6d81f"
    integrity sha512-XXTUwCvisa5oacNGRP9SfNtYBNAMi+RPwBFmblZEF7N7swHYQS6/Zfk7SRwx4D5j3CH211YNRco1DEMNVfZCnQ==
    dependencies:
      flat-cache "^4.0.0"
  
  file-stream-rotator@^0.6.1:
    version "0.6.1"
    resolved "https://registry.npmjs.org/file-stream-rotator/-/file-stream-rotator-0.6.1.tgz"
    integrity sha512-u+dBid4PvZw17PmDeRcNOtCP9CCK/9lRN2w+r1xIS7yOL9JFrIBKTvrYsxT4P0pGtThYTn++QS5ChHaUov3+zQ==
    dependencies:
      moment "^2.29.1"
  
  fill-range@^7.0.1:
    version "7.0.1"
    resolved "https://registry.npmjs.org/fill-range/-/fill-range-7.0.1.tgz"
    integrity sha512-qOo9F+dMUmC2Lcb4BbVvnKJxTPjCm+RRpe4gDuGrzkL7mEVl/djYSu2OdQ2Pa302N4oqkSg9ir6jaLWJ2USVpQ==
    dependencies:
      to-regex-range "^5.0.1"
  
  fill-range@^7.1.1:
    version "7.1.1"
    resolved "https://registry.yarnpkg.com/fill-range/-/fill-range-7.1.1.tgz#44265d3cac07e3ea7dc247516380643754a05292"
    integrity sha512-YsGpe3WHLK8ZYi4tWDg2Jy3ebRz2rXowDxnld4bkQB00cc/1Zw9AWnC0i9ztDJitivtQvaI9KaLyKrc+hBW0yg==
    dependencies:
      to-regex-range "^5.0.1"
  
  finalhandler@1.2.0:
    version "1.2.0"
    resolved "https://registry.npmjs.org/finalhandler/-/finalhandler-1.2.0.tgz"
    integrity sha512-5uXcUVftlQMFnWC9qu/svkWv3GTd2PfUhK/3PLkYNAe7FbqJMt3515HaxE6eRL74GdsriiwujiawdaB1BpEISg==
    dependencies:
      debug "2.6.9"
      encodeurl "~1.0.2"
      escape-html "~1.0.3"
      on-finished "2.4.1"
      parseurl "~1.3.3"
      statuses "2.0.1"
      unpipe "~1.0.0"
  
  find-up@^5.0.0:
    version "5.0.0"
    resolved "https://registry.yarnpkg.com/find-up/-/find-up-5.0.0.tgz#4c92819ecb7083561e4f4a240a86be5198f536fc"
    integrity sha512-78/PXT1wlLLDgTzDs7sjq9hzz0vXD+zn+7wypEe4fXQxCmdmqfGsEPQxmiCSQI3ajFV91bVSsvNtrJRiW6nGng==
    dependencies:
      locate-path "^6.0.0"
      path-exists "^4.0.0"
  
  flat-cache@^4.0.0:
    version "4.0.1"
    resolved "https://registry.yarnpkg.com/flat-cache/-/flat-cache-4.0.1.tgz#0ece39fcb14ee012f4b0410bd33dd9c1f011127c"
    integrity sha512-f7ccFPK3SXFHpx15UIGyRJ/FJQctuKZ0zVuN3frBo4HnK3cay9VEW0R6yPYFHC0AgqhukPzKjq22t5DmAyqGyw==
    dependencies:
      flatted "^3.2.9"
      keyv "^4.5.4"
  
  flatted@^3.2.9:
    version "3.3.1"
    resolved "https://registry.yarnpkg.com/flatted/-/flatted-3.3.1.tgz#21db470729a6734d4997002f439cb308987f567a"
    integrity sha512-X8cqMLLie7KsNUDSdzeN8FYK9rEt4Dt67OsG/DNGnYTSDBG4uFAJFBnUeiV+zCVAvwFy56IjM9sH51jVaEhNxw==
  
  fn.name@1.x.x:
    version "1.1.0"
    resolved "https://registry.npmjs.org/fn.name/-/fn.name-1.1.0.tgz"
    integrity sha512-GRnmB5gPyJpAhTQdSZTSp9uaPSvl09KoYcMQtsB9rQoOmzs9dH6ffeccH+Z+cv6P68Hu5bC6JjRh4Ah/mHSNRw==
  
  forwarded@0.2.0:
    version "0.2.0"
    resolved "https://registry.npmjs.org/forwarded/-/forwarded-0.2.0.tgz"
    integrity sha512-buRG0fpBtRHSTCOASe6hD258tEubFoRLb4ZNA6NxMVHNw2gOcwHo9wyablzMzOA5z9xA9L1KNjk/Nt6MT9aYow==
  
  fresh@0.5.2:
    version "0.5.2"
    resolved "https://registry.npmjs.org/fresh/-/fresh-0.5.2.tgz"
    integrity sha512-zJ2mQYM18rEFOudeV4GShTGIQ7RbzA7ozbU9I/XBpm7kqgMywgmylMwXHxZJmkVoYkna9d2pVXVXPdYTP9ej8Q==
  
  fs-minipass@^2.0.0:
    version "2.1.0"
    resolved "https://registry.npmjs.org/fs-minipass/-/fs-minipass-2.1.0.tgz"
    integrity sha512-V/JgOLFCS+R6Vcq0slCuaeWEdNC3ouDlJMNIsacH2VtALiu9mV4LPrHc5cDl8k5aw6J8jwgWWpiTo5RYhmIzvg==
    dependencies:
      minipass "^3.0.0"
  
  fs.realpath@^1.0.0:
    version "1.0.0"
    resolved "https://registry.npmjs.org/fs.realpath/-/fs.realpath-1.0.0.tgz"
    integrity sha512-OO0pH2lK6a0hZnAdau5ItzHPI6pUlvI7jMVnxUQRtw4owF2wk8lOSabtGDCTP4Ggrg2MbGnWO9X8K1t4+fGMDw==
  
  fsevents@~2.3.2:
    version "2.3.2"
    resolved "https://registry.npmjs.org/fsevents/-/fsevents-2.3.2.tgz"
    integrity sha512-xiqMQR4xAeHTuB9uWm+fFRcIOgKBMiOBP+eXiyT7jsgVCq1bkVygt00oASowB7EdtpOHaaPgKt812P9ab+DDKA==
  
  function-bind@^1.1.1:
    version "1.1.1"
    resolved "https://registry.npmjs.org/function-bind/-/function-bind-1.1.1.tgz"
    integrity sha512-yIovAzMX49sF8Yl58fSCWJ5svSLuaibPxXQJFLmBObTuCr0Mf1KiPopGM9NiFjiYBCbfaa2Fh6breQ6ANVTI0A==
  
  gauge@^3.0.0:
    version "3.0.2"
    resolved "https://registry.npmjs.org/gauge/-/gauge-3.0.2.tgz"
    integrity sha512-+5J6MS/5XksCuXq++uFRsnUd7Ovu1XenbeuIuNRJxYWjgQbPuFhT14lAvsWfqfAmnwluf1OwMjz39HjfLPci0Q==
    dependencies:
      aproba "^1.0.3 || ^2.0.0"
      color-support "^1.1.2"
      console-control-strings "^1.0.0"
      has-unicode "^2.0.1"
      object-assign "^4.1.1"
      signal-exit "^3.0.0"
      string-width "^4.2.3"
      strip-ansi "^6.0.1"
      wide-align "^1.1.2"
  
  generic-pool@3.9.0:
    version "3.9.0"
    resolved "https://registry.npmjs.org/generic-pool/-/generic-pool-3.9.0.tgz"
    integrity sha512-hymDOu5B53XvN4QT9dBmZxPX4CWhBPPLguTZ9MMFeFa/Kg0xWVfylOVNlJji/E7yTZWFd/q9GO5TxDLq156D7g==
  
  get-east-asian-width@^1.0.0:
    version "1.2.0"
    resolved "https://registry.yarnpkg.com/get-east-asian-width/-/get-east-asian-width-1.2.0.tgz#5e6ebd9baee6fb8b7b6bd505221065f0cd91f64e"
    integrity sha512-2nk+7SIVb14QrgXFHcm84tD4bKQz0RxPuMT8Ag5KPOq7J5fEmAg0UbXdTOSHqNuHSU28k55qnceesxXRZGzKWA==
  
  get-intrinsic@^1.0.2:
    version "1.2.1"
    resolved "https://registry.npmjs.org/get-intrinsic/-/get-intrinsic-1.2.1.tgz"
    integrity sha512-2DcsyfABl+gVHEfCOaTrWgyt+tb6MSEGmKq+kI5HwLbIYgjgmMcV8KQ41uaKz1xxUcn9tJtgFbQUEVcEbd0FYw==
    dependencies:
      function-bind "^1.1.1"
      has "^1.0.3"
      has-proto "^1.0.1"
      has-symbols "^1.0.3"
  
  get-stream@^8.0.1:
    version "8.0.1"
    resolved "https://registry.yarnpkg.com/get-stream/-/get-stream-8.0.1.tgz#def9dfd71742cd7754a7761ed43749a27d02eca2"
    integrity sha512-VaUJspBffn/LMCJVoMvSAdmscJyS1auj5Zulnn5UoYcY531UWmdwhRWkcGKnGU93m5HSXP9LP2usOryrBtQowA==
  
  glob-parent@^5.1.2, glob-parent@~5.1.2:
    version "5.1.2"
    resolved "https://registry.npmjs.org/glob-parent/-/glob-parent-5.1.2.tgz"
    integrity sha512-AOIgSQCepiJYwP3ARnGx+5VnTu2HBYdzbGP45eLw1vr3zB3vZLeyed1sC9hnbcOc9/SrMyM5RPQrkGz4aS9Zow==
    dependencies:
      is-glob "^4.0.1"
  
  glob-parent@^6.0.2:
    version "6.0.2"
    resolved "https://registry.yarnpkg.com/glob-parent/-/glob-parent-6.0.2.tgz#6d237d99083950c79290f24c7642a3de9a28f9e3"
    integrity sha512-XxwI8EOhVQgWp6iDL+3b0r86f4d6AX6zSU55HfB4ydCEuXLXc5FcYeOu+nnGftS4TEju/11rt4KJPTMgbfmv4A==
    dependencies:
      is-glob "^4.0.3"
  
  glob@^7.1.3:
    version "7.2.3"
    resolved "https://registry.npmjs.org/glob/-/glob-7.2.3.tgz"
    integrity sha512-nFR0zLpU2YCaRxwoCJvL6UvCH2JFyFVIvwTLsIf21AuHlMskA1hhTdk+LlYJtOlYt9v6dvszD2BGRqBL+iQK9Q==
    dependencies:
      fs.realpath "^1.0.0"
      inflight "^1.0.4"
      inherits "2"
      minimatch "^3.1.1"
      once "^1.3.0"
      path-is-absolute "^1.0.0"
  
  globals@^14.0.0:
    version "14.0.0"
    resolved "https://registry.yarnpkg.com/globals/-/globals-14.0.0.tgz#898d7413c29babcf6bafe56fcadded858ada724e"
    integrity sha512-oahGvuMGQlPw/ivIYBjVSrWAfWLBeku5tpPE2fOPLi+WHffIWbuh2tCjhyQhTBPMf5E9jDEH4FOmTYgYwbKwtQ==
  
  graphemer@^1.4.0:
    version "1.4.0"
    resolved "https://registry.yarnpkg.com/graphemer/-/graphemer-1.4.0.tgz#fb2f1d55e0e3a1849aeffc90c4fa0dd53a0e66c6"
    integrity sha512-EtKwoO6kxCL9WO5xipiHTZlSzBm7WLT627TqC/uVRd0HKmq8NXyebnNYxDoBi7wt8eTWrUrKXCOVaFq9x1kgag==
  
  has-flag@^4.0.0:
    version "4.0.0"
    resolved "https://registry.npmjs.org/has-flag/-/has-flag-4.0.0.tgz"
    integrity sha512-EykJT/Q1KjTWctppgIAgfSO0tKVuZUjhgMr17kqTumMl6Afv3EISleU7qZUzoXDFTAHTDC4NOoG/ZxU3EvlMPQ==
  
  has-proto@^1.0.1:
    version "1.0.1"
    resolved "https://registry.npmjs.org/has-proto/-/has-proto-1.0.1.tgz"
    integrity sha512-7qE+iP+O+bgF9clE5+UoBFzE65mlBiVj3tKCrlNQ0Ogwm0BjpT/gK4SlLYDMybDh5I3TCTKnPPa0oMG7JDYrhg==
  
  has-symbols@^1.0.3:
    version "1.0.3"
    resolved "https://registry.npmjs.org/has-symbols/-/has-symbols-1.0.3.tgz"
    integrity sha512-l3LCuF6MgDNwTDKkdYGEihYjt5pRPbEg46rtlmnSPlUbgmB8LOIrKJbYYFBSbnPaJexMKtiPO8hmeRjRz2Td+A==
  
  has-unicode@^2.0.1:
    version "2.0.1"
    resolved "https://registry.npmjs.org/has-unicode/-/has-unicode-2.0.1.tgz"
    integrity sha512-8Rf9Y83NBReMnx0gFzA8JImQACstCYWUplepDa9xprwwtmgEZUF0h/i5xSA625zB/I37EtrswSST6OXxwaaIJQ==
  
  has@^1.0.3:
    version "1.0.3"
    resolved "https://registry.npmjs.org/has/-/has-1.0.3.tgz"
    integrity sha512-f2dvO0VU6Oej7RkWJGrehjbzMAjFp5/VKPp5tTpWIV4JHHZK1/BxbFRtf/siA2SWTe09caDmVtYYzWEIbBS4zw==
    dependencies:
      function-bind "^1.1.1"
  
  http-errors@2.0.0:
    version "2.0.0"
    resolved "https://registry.npmjs.org/http-errors/-/http-errors-2.0.0.tgz"
    integrity sha512-FtwrG/euBzaEjYeRqOgly7G0qviiXoJWnvEH2Z1plBdXgbyjv34pHTSb9zoeHMyDy33+DWy5Wt9Wo+TURtOYSQ==
    dependencies:
      depd "2.0.0"
      inherits "2.0.4"
      setprototypeof "1.2.0"
      statuses "2.0.1"
      toidentifier "1.0.1"
  
  http-status@^1.6.2:
    version "1.6.2"
    resolved "https://registry.npmjs.org/http-status/-/http-status-1.6.2.tgz"
    integrity sha512-oUExvfNckrpTpDazph7kNG8sQi5au3BeTo0idaZFXEhTaJKu7GNJCLHI0rYY2wljm548MSTM+Ljj/c6anqu2zQ==
  
  https-proxy-agent@^5.0.0:
    version "5.0.1"
    resolved "https://registry.npmjs.org/https-proxy-agent/-/https-proxy-agent-5.0.1.tgz"
    integrity sha512-dFcAjpTQFgoLMzC2VwU+C/CbS7uRL0lWmxDITmqm7C+7F0Odmj6s9l6alZc6AELXhrnggM2CeWSXHGOdX2YtwA==
    dependencies:
      agent-base "6"
      debug "4"
  
  human-signals@^5.0.0:
    version "5.0.0"
    resolved "https://registry.yarnpkg.com/human-signals/-/human-signals-5.0.0.tgz#42665a284f9ae0dade3ba41ebc37eb4b852f3a28"
    integrity sha512-AXcZb6vzzrFAUE61HnN4mpLqd/cSIwNQjtNWR0euPm6y0iqx3G4gOXaIDdtdDwZmhwe82LA6+zinmW4UBWVePQ==
  
  husky@^9.1.6:
    version "9.1.6"
    resolved "https://registry.yarnpkg.com/husky/-/husky-9.1.6.tgz#e23aa996b6203ab33534bdc82306b0cf2cb07d6c"
    integrity sha512-sqbjZKK7kf44hfdE94EoX8MZNk0n7HeW37O4YrVGCF4wzgQjp+akPAkfUK5LZ6KuR/6sqeAVuXHji+RzQgOn5A==
  
  iconv-lite@0.4.24:
    version "0.4.24"
    resolved "https://registry.npmjs.org/iconv-lite/-/iconv-lite-0.4.24.tgz"
    integrity sha512-v3MXnZAcvnywkTUEZomIActle7RXXeedOR31wwl7VlyoXO4Qi9arvSenNQWne1TcRwhCL1HwLI21bEqdpj8/rA==
    dependencies:
      safer-buffer ">= 2.1.2 < 3"
  
  ignore@^5.2.0:
    version "5.2.4"
    resolved "https://registry.npmjs.org/ignore/-/ignore-5.2.4.tgz"
    integrity sha512-MAb38BcSbH0eHNBxn7ql2NH/kX33OkB3lZ1BNdh7ENeRChHTYsTvWrMubiIAMNS2llXEEgZ1MUOBtXChP3kaFQ==
  
  ignore@^5.3.1:
    version "5.3.2"
    resolved "https://registry.yarnpkg.com/ignore/-/ignore-5.3.2.tgz#3cd40e729f3643fd87cb04e50bf0eb722bc596f5"
    integrity sha512-hsBTNUqQTDwkWtcdYI2i06Y/nUBEsNEDJKjWdigLvegy8kDuJAS8uRlpkkcQpyEXL0Z/pjDy5HBmMjRCJ2gq+g==
  
  import-fresh@^3.2.1:
    version "3.3.0"
    resolved "https://registry.npmjs.org/import-fresh/-/import-fresh-3.3.0.tgz"
    integrity sha512-veYYhQa+D1QBKznvhUHxb8faxlrwUnxseDAbAp457E0wLNio2bOSKnjYDhMj+YiAq61xrMGhQk9iXVk5FzgQMw==
    dependencies:
      parent-module "^1.0.0"
      resolve-from "^4.0.0"
  
  imurmurhash@^0.1.4:
    version "0.1.4"
    resolved "https://registry.npmjs.org/imurmurhash/-/imurmurhash-0.1.4.tgz"
    integrity sha512-JmXMZ6wuvDmLiHEml9ykzqO6lwFbof0GG4IkcGaENdCRDDmMVnny7s5HsIgHCbaq0w2MyPhDqkhTUgS2LU2PHA==
  
  inflight@^1.0.4:
    version "1.0.6"
    resolved "https://registry.npmjs.org/inflight/-/inflight-1.0.6.tgz"
    integrity sha512-k92I/b08q4wvFscXCLvqfsHCrjrF7yiXsQuIVvVE7N82W3+aqpzuUdBbfhWcy/FZR3/4IgflMgKLOsvPDrGCJA==
    dependencies:
      once "^1.3.0"
      wrappy "1"
  
  inherits@2, inherits@2.0.4, inherits@^2.0.3:
    version "2.0.4"
    resolved "https://registry.npmjs.org/inherits/-/inherits-2.0.4.tgz"
    integrity sha512-k/vGaX4/Yla3WzyMCvTQOXYeIHvqOKtnqBduzTHpzpQZzAskKMhZ2K+EnBiSM9zGSoIFeMpXKxa4dYeZIQqewQ==
  
  init@^0.1.2:
    version "0.1.2"
    resolved "https://registry.yarnpkg.com/init/-/init-0.1.2.tgz#9882ac152707bccba7fe2207c8df8050875c1504"
    integrity sha512-IvHUjULS2q+BXJdiu4FHkByh3+qSFmkOXQ2ItSfYTtkdUksQc0yNX6f1uDyokzRV71tjpFsFc3ckeYLJXunTGw==
    dependencies:
      daemon ">=0.3.0"
  
  install@^0.13.0:
    version "0.13.0"
    resolved "https://registry.yarnpkg.com/install/-/install-0.13.0.tgz#6af6e9da9dd0987de2ab420f78e60d9c17260776"
    integrity sha512-zDml/jzr2PKU9I8J/xyZBQn8rPCAY//UOYNmR01XwNwyfhEWObo2SWfSl1+0tm1u6PhxLwDnfsT/6jB7OUxqFA==
  
  ipaddr.js@1.9.1:
    version "1.9.1"
    resolved "https://registry.npmjs.org/ipaddr.js/-/ipaddr.js-1.9.1.tgz"
    integrity sha512-0KI/607xoxSToH7GjN1FfSbLoU0+btTicjsQSWQlh/hZykN8KpmMf7uYwPW3R+akZ6R/w18ZlXSHBYXiYUPO3g==
  
  is-arrayish@^0.3.1:
    version "0.3.2"
    resolved "https://registry.npmjs.org/is-arrayish/-/is-arrayish-0.3.2.tgz"
    integrity sha512-eVRqCvVlZbuw3GrM63ovNSNAeA1K16kaR/LRY/92w0zxQ5/1YzwblUX652i4Xs9RwAGjW9d9y6X88t8OaAJfWQ==
  
  is-binary-path@~2.1.0:
    version "2.1.0"
    resolved "https://registry.npmjs.org/is-binary-path/-/is-binary-path-2.1.0.tgz"
    integrity sha512-ZMERYes6pDydyuGidse7OsHxtbI7WVeUEozgR/g7rd0xUimYNlvZRE/K2MgZTjWy725IfelLeVcEM97mmtRGXw==
    dependencies:
      binary-extensions "^2.0.0"
  
  is-core-module@^2.11.0:
    version "2.12.1"
    resolved "https://registry.npmjs.org/is-core-module/-/is-core-module-2.12.1.tgz"
    integrity sha512-Q4ZuBAe2FUsKtyQJoQHlvP8OvBERxO3jEmy1I7hcRXcJBGGHFh/aJBswbXuS9sgrDH2QUO8ilkwNPHvHMd8clg==
    dependencies:
      has "^1.0.3"
  
  is-extglob@^2.1.1:
    version "2.1.1"
    resolved "https://registry.npmjs.org/is-extglob/-/is-extglob-2.1.1.tgz"
    integrity sha512-SbKbANkN603Vi4jEZv49LeVJMn4yGwsbzZworEoyEiutsN3nJYdbO36zfhGJ6QEDpOZIFkDtnq5JRxmvl3jsoQ==
  
  is-fullwidth-code-point@^3.0.0:
    version "3.0.0"
    resolved "https://registry.npmjs.org/is-fullwidth-code-point/-/is-fullwidth-code-point-3.0.0.tgz"
    integrity sha512-zymm5+u+sCsSWyD9qNaejV3DFvhCKclKdizYaJUuHA83RLjb7nSuGnddCHGv0hk+KY7BMAlsWeK4Ueg6EV6XQg==
  
  is-fullwidth-code-point@^4.0.0:
    version "4.0.0"
    resolved "https://registry.npmjs.org/is-fullwidth-code-point/-/is-fullwidth-code-point-4.0.0.tgz"
    integrity sha512-O4L094N2/dZ7xqVdrXhh9r1KODPJpFms8B5sGdJLPy664AgvXsreZUyCQQNItZRDlYug4xStLjNp/sz3HvBowQ==
  
  is-fullwidth-code-point@^5.0.0:
    version "5.0.0"
    resolved "https://registry.yarnpkg.com/is-fullwidth-code-point/-/is-fullwidth-code-point-5.0.0.tgz#9609efced7c2f97da7b60145ef481c787c7ba704"
    integrity sha512-OVa3u9kkBbw7b8Xw5F9P+D/T9X+Z4+JruYVNapTjPYZYUznQ5YfWeFkOj606XYYW8yugTfC8Pj0hYqvi4ryAhA==
    dependencies:
      get-east-asian-width "^1.0.0"
  
  is-glob@^4.0.0, is-glob@^4.0.1, is-glob@^4.0.3, is-glob@~4.0.1:
    version "4.0.3"
    resolved "https://registry.yarnpkg.com/is-glob/-/is-glob-4.0.3.tgz#64f61e42cbbb2eec2071a9dac0b28ba1e65d5084"
    integrity sha512-xelSayHH36ZgE7ZWhli7pW34hNbNl8Ojv5KVmkJD4hBdD3th8Tfk9vYasLM+mXWOZhFkgZfxhLSnrwRr4elSSg==
    dependencies:
      is-extglob "^2.1.1"
  
  is-number@^7.0.0:
    version "7.0.0"
    resolved "https://registry.npmjs.org/is-number/-/is-number-7.0.0.tgz"
    integrity sha512-41Cifkg6e8TylSpdtTpeLVMqvSBEVzTttHvERD741+pnZ8ANv0004MRL43QKPDlK9cGvNp6NZWZUBlbGXYxxng==
  
  is-path-inside@^3.0.3:
    version "3.0.3"
    resolved "https://registry.yarnpkg.com/is-path-inside/-/is-path-inside-3.0.3.tgz#d231362e53a07ff2b0e0ea7fed049161ffd16283"
    integrity sha512-Fd4gABb+ycGAmKou8eMftCupSir5lRxqf4aD/vd0cD2qc4HL07OjCeuHMr8Ro4CoMaeCKDB0/ECBOVWjTwUvPQ==
  
  is-stream@^2.0.0:
    version "2.0.1"
    resolved "https://registry.npmjs.org/is-stream/-/is-stream-2.0.1.tgz"
    integrity sha512-hFoiJiTl63nn+kstHGBtewWSKnQLpyb155KHheA1l39uvtO9nWIop1p3udqPcUd/xbF1VLMO4n7OI6p7RbngDg==
  
  is-stream@^3.0.0:
    version "3.0.0"
    resolved "https://registry.npmjs.org/is-stream/-/is-stream-3.0.0.tgz"
    integrity sha512-LnQR4bZ9IADDRSkvpqMGvt/tEJWclzklNgSw48V5EAaAeDd6qGvN8ei6k5p0tvxSR171VmGyHuTiAOfxAbr8kA==
  
  isexe@^2.0.0:
    version "2.0.0"
    resolved "https://registry.npmjs.org/isexe/-/isexe-2.0.0.tgz"
    integrity sha512-RHxMLp9lnKHGHRng9QFhRCMbYAcVpn69smSGcq3f36xjgVVWThj4qqLbTLlq7Ssj8B+fIQ1EuCEGI2lKsyQeIw==
  
  js-yaml@^4.1.0:
    version "4.1.0"
    resolved "https://registry.yarnpkg.com/js-yaml/-/js-yaml-4.1.0.tgz#c1fb65f8f5017901cdd2c951864ba18458a10602"
    integrity sha512-wpxZs9NoxZaJESJGIZTyDEaYpl0FKSA+FB9aJiyemKhMwkxQg63h4T1KJgUGHpTqPDNRcmmYLugrRjJlBtWvRA==
    dependencies:
      argparse "^2.0.1"
  
  json-buffer@3.0.1:
    version "3.0.1"
    resolved "https://registry.yarnpkg.com/json-buffer/-/json-buffer-3.0.1.tgz#9338802a30d3b6605fbe0613e094008ca8c05a13"
    integrity sha512-4bV5BfR2mqfQTJm+V5tPPdf+ZpuhiIvTuAB5g8kcrXOZpTT/QwwVRWBywX1ozr6lEuPdbHxwaJlm9G6mI2sfSQ==
  
  json-schema-traverse@^0.4.1:
    version "0.4.1"
    resolved "https://registry.npmjs.org/json-schema-traverse/-/json-schema-traverse-0.4.1.tgz"
    integrity sha512-xbbCH5dCYU5T8LcEhhuh7HJ88HXuW3qsI3Y0zOZFKfZEHcpWiHU/Jxzk629Brsab/mMiHQti9wMP+845RPe3Vg==
  
  json-stable-stringify-without-jsonify@^1.0.1:
    version "1.0.1"
    resolved "https://registry.npmjs.org/json-stable-stringify-without-jsonify/-/json-stable-stringify-without-jsonify-1.0.1.tgz"
    integrity sha512-Bdboy+l7tA3OGW6FjyFHWkP5LuByj1Tk33Ljyq0axyzdk9//JSi2u3fP1QSmd1KNwq6VOKYGlAu87CisVir6Pw==
  
  jsonwebtoken@^9.0.0:
    version "9.0.0"
    resolved "https://registry.npmjs.org/jsonwebtoken/-/jsonwebtoken-9.0.0.tgz"
    integrity sha512-tuGfYXxkQGDPnLJ7SibiQgVgeDgfbPq2k2ICcbgqW8WxWLBAxKQM/ZCu/IT8SOSwmaYl4dpTFCW5xZv7YbbWUw==
    dependencies:
      jws "^3.2.2"
      lodash "^4.17.21"
      ms "^2.1.1"
      semver "^7.3.8"
  
  jwa@^1.4.1:
    version "1.4.1"
    resolved "https://registry.npmjs.org/jwa/-/jwa-1.4.1.tgz"
    integrity sha512-qiLX/xhEEFKUAJ6FiBMbes3w9ATzyk5W7Hvzpa/SLYdxNtng+gcurvrI7TbACjIXlsJyr05/S1oUhZrc63evQA==
    dependencies:
      buffer-equal-constant-time "1.0.1"
      ecdsa-sig-formatter "1.0.11"
      safe-buffer "^5.0.1"
  
  jws@^3.2.2:
    version "3.2.2"
    resolved "https://registry.npmjs.org/jws/-/jws-3.2.2.tgz"
    integrity sha512-YHlZCB6lMTllWDtSPHz/ZXTsi8S00usEV6v1tjq8tOUZzw7DpSDWVXjXDre6ed1w/pd495ODpHZYSdkRTsa0HA==
    dependencies:
      jwa "^1.4.1"
      safe-buffer "^5.0.1"
  
  kareem@2.6.3:
    version "2.6.3"
    resolved "https://registry.yarnpkg.com/kareem/-/kareem-2.6.3.tgz#23168ec8ffb6c1abfd31b7169a6fb1dd285992ac"
    integrity sha512-C3iHfuGUXK2u8/ipq9LfjFfXFxAZMQJJq7vLS45r3D9Y2xQ/m4S8zaR4zMLFWh9AsNPXmcFfUDhTEO8UIC/V6Q==
  
  keyv@^4.5.4:
    version "4.5.4"
    resolved "https://registry.yarnpkg.com/keyv/-/keyv-4.5.4.tgz#a879a99e29452f942439f2a405e3af8b31d4de93"
    integrity sha512-oxVHkHR/EJf2CNXnWxRLW6mg7JyCCUcG0DtEGmL2ctUo1PNTin1PUil+r/+4r5MpVgC/fn1kjsx7mjSujKqIpw==
    dependencies:
      json-buffer "3.0.1"
  
  kuler@^2.0.0:
    version "2.0.0"
    resolved "https://registry.npmjs.org/kuler/-/kuler-2.0.0.tgz"
    integrity sha512-Xq9nH7KlWZmXAtodXDDRE7vs6DU1gTU8zYDHDiWLSip45Egwq3plLHzPn27NgvzL2r1LMPC1vdqh98sQxtqj4A==
  
  levn@^0.4.1:
    version "0.4.1"
    resolved "https://registry.npmjs.org/levn/-/levn-0.4.1.tgz"
    integrity sha512-+bT2uH4E5LGE7h/n3evcS/sQlJXCpIp6ym8OWJ5eV6+67Dsql/LaaT7qJBAt2rzfoa/5QBGBhxDix1dMt2kQKQ==
    dependencies:
      prelude-ls "^1.2.1"
      type-check "~0.4.0"
  
  lilconfig@~3.1.2:
    version "3.1.2"
    resolved "https://registry.yarnpkg.com/lilconfig/-/lilconfig-3.1.2.tgz#e4a7c3cb549e3a606c8dcc32e5ae1005e62c05cb"
    integrity sha512-eop+wDAvpItUys0FWkHIKeC9ybYrTGbU41U5K7+bttZZeohvnY7M9dZ5kB21GNWiFT2q1OoPTvncPCgSOVO5ow==
  
  lint-staged@^15.2.10:
    version "15.2.10"
    resolved "https://registry.yarnpkg.com/lint-staged/-/lint-staged-15.2.10.tgz#92ac222f802ba911897dcf23671da5bb80643cd2"
    integrity sha512-5dY5t743e1byO19P9I4b3x8HJwalIznL5E1FWYnU6OWw33KxNBSLAc6Cy7F2PsFEO8FKnLwjwm5hx7aMF0jzZg==
    dependencies:
      chalk "~5.3.0"
      commander "~12.1.0"
      debug "~4.3.6"
      execa "~8.0.1"
      lilconfig "~3.1.2"
      listr2 "~8.2.4"
      micromatch "~4.0.8"
      pidtree "~0.6.0"
      string-argv "~0.3.2"
      yaml "~2.5.0"
  
  listr2@~8.2.4:
    version "8.2.4"
    resolved "https://registry.yarnpkg.com/listr2/-/listr2-8.2.4.tgz#486b51cbdb41889108cb7e2c90eeb44519f5a77f"
    integrity sha512-opevsywziHd3zHCVQGAj8zu+Z3yHNkkoYhWIGnq54RrCVwLz0MozotJEDnKsIBLvkfLGN6BLOyAeRrYI0pKA4g==
    dependencies:
      cli-truncate "^4.0.0"
      colorette "^2.0.20"
      eventemitter3 "^5.0.1"
      log-update "^6.1.0"
      rfdc "^1.4.1"
      wrap-ansi "^9.0.0"
  
  locate-path@^6.0.0:
    version "6.0.0"
    resolved "https://registry.yarnpkg.com/locate-path/-/locate-path-6.0.0.tgz#55321eb309febbc59c4801d931a72452a681d286"
    integrity sha512-iPZK6eYjbxRu3uB4/WZ3EsEIMJFMqAoopl3R+zuq0UjcAm/MO6KCweDgPfP3elTztoKP3KtnVHxTn2NHBSDVUw==
    dependencies:
      p-locate "^5.0.0"
  
  lodash.merge@^4.6.2:
    version "4.6.2"
    resolved "https://registry.npmjs.org/lodash.merge/-/lodash.merge-4.6.2.tgz"
    integrity sha512-0KpjqXRVvrYyCsX1swR/XTK0va6VQkQM6MNo7PqW77ByjAhoARA8EfrP1N4+KlKj8YS0ZUCtRT/YUuhyYDujIQ==
  
  lodash@^4.17.21:
    version "4.17.21"
    resolved "https://registry.npmjs.org/lodash/-/lodash-4.17.21.tgz"
    integrity sha512-v2kDEe57lecTulaDIuNTPy3Ry4gLGJ6Z1O3vE1krgXZNrsQ+LFTGHVxVjcXPs17LhbZVGedAJv8XZ1tvj5FvSg==
  
  log-update@^6.1.0:
    version "6.1.0"
    resolved "https://registry.yarnpkg.com/log-update/-/log-update-6.1.0.tgz#1a04ff38166f94647ae1af562f4bd6a15b1b7cd4"
    integrity sha512-9ie8ItPR6tjY5uYJh8K/Zrv/RMZ5VOlOWvtZdEHYSTFKZfIBPQa9tOAEeAWhd+AnIneLJ22w5fjOYtoutpWq5w==
    dependencies:
      ansi-escapes "^7.0.0"
      cli-cursor "^5.0.0"
      slice-ansi "^7.1.0"
      strip-ansi "^7.1.0"
      wrap-ansi "^9.0.0"
  
  logform@^2.3.2, logform@^2.4.0:
    version "2.5.1"
    resolved "https://registry.npmjs.org/logform/-/logform-2.5.1.tgz"
    integrity sha512-9FyqAm9o9NKKfiAKfZoYo9bGXXuwMkxQiQttkT4YjjVtQVIQtK6LmVtlxmCaFswo6N4AfEkHqZTV0taDtPotNg==
    dependencies:
      "@colors/colors" "1.5.0"
      "@types/triple-beam" "^1.3.2"
      fecha "^4.2.0"
      ms "^2.1.1"
      safe-stable-stringify "^2.3.1"
      triple-beam "^1.3.0"
  
  lru-cache@^6.0.0:
    version "6.0.0"
    resolved "https://registry.npmjs.org/lru-cache/-/lru-cache-6.0.0.tgz"
    integrity sha512-Jo6dJ04CmSjuznwJSS3pUeWmd/H0ffTlkXXgwZi+eq1UCmqQwCh+eLsYOYCwY991i2Fah4h1BEMCx4qThGbsiA==
    dependencies:
      yallist "^4.0.0"
  
  make-dir@^3.1.0:
    version "3.1.0"
    resolved "https://registry.npmjs.org/make-dir/-/make-dir-3.1.0.tgz"
    integrity sha512-g3FeP20LNwhALb/6Cz6Dd4F2ngze0jz7tbzrD2wAV+o9FeNHe4rL+yK2md0J/fiSf1sa1ADhXqi5+oVwOM/eGw==
    dependencies:
      semver "^6.0.0"
  
  make-error@^1.1.1:
    version "1.3.6"
    resolved "https://registry.npmjs.org/make-error/-/make-error-1.3.6.tgz"
    integrity sha512-s8UhlNe7vPKomQhC1qFelMokr/Sc3AgNbso3n74mVPA5LTZwkB9NlXf4XPamLxJE8h0gh73rM94xvwRT2CVInw==
  
  media-typer@0.3.0:
    version "0.3.0"
    resolved "https://registry.npmjs.org/media-typer/-/media-typer-0.3.0.tgz"
    integrity sha512-dq+qelQ9akHpcOl/gUVRTxVIOkAJ1wR3QAvb4RsVjS8oVoFjDGTc679wJYmUmknUF5HwMLOgb5O+a3KxfWapPQ==
  
  memory-pager@^1.0.2:
    version "1.5.0"
    resolved "https://registry.npmjs.org/memory-pager/-/memory-pager-1.5.0.tgz"
    integrity sha512-ZS4Bp4r/Zoeq6+NLJpP+0Zzm0pR8whtGPf1XExKLJBAczGMnSi3It14OiNCStjQjM6NU1okjQGSxgEZN8eBYKg==
  
  merge-descriptors@1.0.1:
    version "1.0.1"
    resolved "https://registry.npmjs.org/merge-descriptors/-/merge-descriptors-1.0.1.tgz"
    integrity sha512-cCi6g3/Zr1iqQi6ySbseM1Xvooa98N0w31jzUYrXPX2xqObmFGHJ0tQ5u74H3mVh7wLouTseZyYIq39g8cNp1w==
  
  merge-stream@^2.0.0:
    version "2.0.0"
    resolved "https://registry.npmjs.org/merge-stream/-/merge-stream-2.0.0.tgz"
    integrity sha512-abv/qOcuPfk3URPfDzmZU1LKmuw8kT+0nIHvKrKgFrwifol/doWcdA4ZqsWQ8ENrFKkd67Mfpo/LovbIUsbt3w==
  
  merge2@^1.3.0:
    version "1.4.1"
    resolved "https://registry.npmjs.org/merge2/-/merge2-1.4.1.tgz"
    integrity sha512-8q7VEgMJW4J8tcfVPy8g09NcQwZdbwFEqhe/WZkoIzjn/3TGDwtOCYtXGxA3O8tPzpczCCDgv+P2P5y00ZJOOg==
  
  methods@~1.1.2:
    version "1.1.2"
    resolved "https://registry.npmjs.org/methods/-/methods-1.1.2.tgz"
    integrity sha512-iclAHeNqNm68zFtnZ0e+1L2yUIdvzNoauKU4WBA3VvH/vPFieF7qfRlwUZU+DA9P9bPXIS90ulxoUoCH23sV2w==
  
  micromatch@^4.0.4:
    version "4.0.5"
    resolved "https://registry.npmjs.org/micromatch/-/micromatch-4.0.5.tgz"
    integrity sha512-DMy+ERcEW2q8Z2Po+WNXuw3c5YaUSFjAO5GsJqfEl7UjvtIuFKO6ZrKvcItdy98dwFI2N1tg3zNIdKaQT+aNdA==
    dependencies:
      braces "^3.0.2"
      picomatch "^2.3.1"
  
  micromatch@~4.0.8:
    version "4.0.8"
    resolved "https://registry.yarnpkg.com/micromatch/-/micromatch-4.0.8.tgz#d66fa18f3a47076789320b9b1af32bd86d9fa202"
    integrity sha512-PXwfBhYu0hBCPw8Dn0E+WDYb7af3dSLVWKi3HGv84IdF4TyFoC0ysxFd0Goxw7nSv4T/PzEJQxsYsEiFCKo2BA==
    dependencies:
      braces "^3.0.3"
      picomatch "^2.3.1"
  
  mime-db@1.52.0:
    version "1.52.0"
    resolved "https://registry.npmjs.org/mime-db/-/mime-db-1.52.0.tgz"
    integrity sha512-sPU4uV7dYlvtWJxwwxHD0PuihVNiE7TyAbQ5SWxDCB9mUYvOgroQOwYQQOKPJ8CIbE+1ETVlOoK1UC2nU3gYvg==
  
  mime-types@~2.1.24, mime-types@~2.1.34:
    version "2.1.35"
    resolved "https://registry.npmjs.org/mime-types/-/mime-types-2.1.35.tgz"
    integrity sha512-ZDY+bPm5zTTF+YpCrAU9nK0UgICYPT0QtT1NZWFv4s++TNkcgVaT0g6+4R2uI4MjQjzysHB1zxuWL50hzaeXiw==
    dependencies:
      mime-db "1.52.0"
  
  mime@1.6.0:
    version "1.6.0"
    resolved "https://registry.npmjs.org/mime/-/mime-1.6.0.tgz"
    integrity sha512-x0Vn8spI+wuJ1O6S7gnbaQg8Pxh4NNHb7KSINmEWKiPE4RKOplvijn+NkmYmmRgP68mc70j2EbeTFRsrswaQeg==
  
  mimic-fn@^4.0.0:
    version "4.0.0"
    resolved "https://registry.npmjs.org/mimic-fn/-/mimic-fn-4.0.0.tgz"
    integrity sha512-vqiC06CuhBTUdZH+RYl8sFrL096vA45Ok5ISO6sE/Mr1jRbGH4Csnhi8f3wKVl7x8mO4Au7Ir9D3Oyv1VYMFJw==
  
  mimic-function@^5.0.0:
    version "5.0.1"
    resolved "https://registry.yarnpkg.com/mimic-function/-/mimic-function-5.0.1.tgz#acbe2b3349f99b9deaca7fb70e48b83e94e67076"
    integrity sha512-VP79XUPxV2CigYP3jWwAUFSku2aKqBH7uTAapFWCBqutsbmDo96KY5o8uh6U+/YSIn5OxJnXp73beVkpqMIGhA==
  
  minimatch@^3.1.1, minimatch@^3.1.2:
    version "3.1.2"
    resolved "https://registry.npmjs.org/minimatch/-/minimatch-3.1.2.tgz"
    integrity sha512-J7p63hRiAjw1NDEww1W7i37+ByIrOWO5XQQAzZ3VOcL0PNybwpfmV/N05zFAzwQ9USyEcX6t3UO+K5aqBQOIHw==
    dependencies:
      brace-expansion "^1.1.7"
  
  minimatch@^9.0.4:
    version "9.0.5"
    resolved "https://registry.yarnpkg.com/minimatch/-/minimatch-9.0.5.tgz#d74f9dd6b57d83d8e98cfb82133b03978bc929e5"
    integrity sha512-G6T0ZX48xgozx7587koeX9Ys2NYy6Gmv//P89sEte9V9whIapMNF4idKxnW2QtCcLiTWlb/wfCabAtAFWhhBow==
    dependencies:
      brace-expansion "^2.0.1"
  
  minimist@^1.2.6:
    version "1.2.8"
    resolved "https://registry.npmjs.org/minimist/-/minimist-1.2.8.tgz"
    integrity sha512-2yyAR8qBkN3YuheJanUpWC5U3bb5osDywNB8RzDVlDwDHbocAJveqqj1u8+SVD7jkWT4yvsHCpWqqWqAxb0zCA==
  
  minipass@^3.0.0:
    version "3.3.6"
    resolved "https://registry.npmjs.org/minipass/-/minipass-3.3.6.tgz"
    integrity sha512-DxiNidxSEK+tHG6zOIklvNOwm3hvCrbUrdtzY74U6HKTJxvIDfOUL5W5P2Ghd3DTkhhKPYGqeNUIh5qcM4YBfw==
    dependencies:
      yallist "^4.0.0"
  
  minipass@^5.0.0:
    version "5.0.0"
    resolved "https://registry.npmjs.org/minipass/-/minipass-5.0.0.tgz"
    integrity sha512-3FnjYuehv9k6ovOEbyOswadCDPX1piCfhV8ncmYtHOjuPwylVWsghTLo7rabjC3Rx5xD4HDx8Wm1xnMF7S5qFQ==
  
  minizlib@^2.1.1:
    version "2.1.2"
    resolved "https://registry.npmjs.org/minizlib/-/minizlib-2.1.2.tgz"
    integrity sha512-bAxsR8BVfj60DWXHE3u30oHzfl4G7khkSuPW+qvpd7jFRHm7dLxOjUk1EHACJ/hxLY8phGJ0YhYHZo7jil7Qdg==
    dependencies:
      minipass "^3.0.0"
      yallist "^4.0.0"
  
  mkdirp@^1.0.3, mkdirp@^1.0.4:
    version "1.0.4"
    resolved "https://registry.npmjs.org/mkdirp/-/mkdirp-1.0.4.tgz"
    integrity sha512-vVqVZQyf3WLx2Shd0qJ9xuvqgAyKPLAiqITEtqW0oIUjzo3PePDd6fW9iFz30ef7Ysp/oiWqbhszeGWW2T6Gzw==
  
  moment@^2.29.1:
    version "2.29.4"
    resolved "https://registry.npmjs.org/moment/-/moment-2.29.4.tgz"
    integrity sha512-5LC9SOxjSc2HF6vO2CyuTDNivEdoz2IvyJJGj6X8DJ0eFyfszE0QiEd+iXmBvUP3WHxSjFH/vIsA0EN00cgr8w==
  
  mongodb-connection-string-url@^3.0.0:
    version "3.0.1"
    resolved "https://registry.yarnpkg.com/mongodb-connection-string-url/-/mongodb-connection-string-url-3.0.1.tgz#c13e6ac284ae401752ebafdb8cd7f16c6723b141"
    integrity sha512-XqMGwRX0Lgn05TDB4PyG2h2kKO/FfWJyCzYQbIhXUxz7ETt0I/FqHjUeqj37irJ+Dl1ZtU82uYyj14u2XsZKfg==
    dependencies:
      "@types/whatwg-url" "^11.0.2"
      whatwg-url "^13.0.0"
  
  mongodb@6.8.0:
    version "6.8.0"
    resolved "https://registry.yarnpkg.com/mongodb/-/mongodb-6.8.0.tgz#680450f113cdea6d2d9f7121fe57cd29111fd2ce"
    integrity sha512-HGQ9NWDle5WvwMnrvUxsFYPd3JEbqD3RgABHBQRuoCEND0qzhsd0iH5ypHsf1eJ+sXmvmyKpP+FLOKY8Il7jMw==
    dependencies:
      "@mongodb-js/saslprep" "^1.1.5"
      bson "^6.7.0"
      mongodb-connection-string-url "^3.0.0"
  
  mongoose@^8.6.0:
    version "8.6.0"
    resolved "https://registry.yarnpkg.com/mongoose/-/mongoose-8.6.0.tgz#52a7cc6026c4d49cd14e4a40e6601c44b1186e49"
    integrity sha512-p6VSbYKvD4ZIabqo8C0kS5eKX1Xpji+opTAIJ9wyuPJ8Y/FblgXSMnFRXnB40bYZLKPQT089K5KU8+bqIXtFdw==
    dependencies:
      bson "^6.7.0"
      kareem "2.6.3"
      mongodb "6.8.0"
      mpath "0.9.0"
      mquery "5.0.0"
      ms "2.1.3"
      sift "17.1.3"
  
  mpath@0.9.0:
    version "0.9.0"
    resolved "https://registry.npmjs.org/mpath/-/mpath-0.9.0.tgz"
    integrity sha512-ikJRQTk8hw5DEoFVxHG1Gn9T/xcjtdnOKIU1JTmGjZZlg9LST2mBLmcX3/ICIbgJydT2GOc15RnNy5mHmzfSew==
  
  mquery@5.0.0:
    version "5.0.0"
    resolved "https://registry.npmjs.org/mquery/-/mquery-5.0.0.tgz"
    integrity sha512-iQMncpmEK8R8ncT8HJGsGc9Dsp8xcgYMVSbs5jgnm1lFHTZqMJTUWTDx1LBO8+mK3tPNZWFLBghQEIOULSTHZg==
    dependencies:
      debug "4.x"
  
  ms@2.0.0:
    version "2.0.0"
    resolved "https://registry.npmjs.org/ms/-/ms-2.0.0.tgz"
    integrity sha512-Tpp60P6IUJDTuOq/5Z8cdskzJujfwqfOTkrwIwj7IRISpnkJnT6SyJ4PCPnGMoFjC9ddhal5KVIYtAt97ix05A==
  
  ms@2.1.2:
    version "2.1.2"
    resolved "https://registry.npmjs.org/ms/-/ms-2.1.2.tgz"
    integrity sha512-sGkPx+VjMtmA6MX27oA4FBFELFCZZ4S4XqeGOXCv68tT+jb3vk/RyaKWP0PTKyWtmLSM0b+adUTEvbs1PEaH2w==
  
  ms@2.1.3, ms@^2.1.1, ms@^2.1.3:
    version "2.1.3"
    resolved "https://registry.npmjs.org/ms/-/ms-2.1.3.tgz"
    integrity sha512-6FlzubTLZG3J2a/NVCAleEhjzq5oxgHyaCU9yYXvcLsvoVaHJq/s5xXI6/XXP6tz7R9xAOtHnSO/tXtF3WRTlA==
  
  natural-compare@^1.4.0:
    version "1.4.0"
    resolved "https://registry.npmjs.org/natural-compare/-/natural-compare-1.4.0.tgz"
    integrity sha512-OWND8ei3VtNC9h7V60qff3SVobHr996CTwgxubgyQYEpg290h9J0buyECNNJexkFm5sOajh5G116RYA1c8ZMSw==
  
  negotiator@0.6.3:
    version "0.6.3"
    resolved "https://registry.npmjs.org/negotiator/-/negotiator-0.6.3.tgz"
    integrity sha512-+EUsqGPLsM+j/zdChZjsnX51g4XrHFOIXwfnCVPGlQk/k5giakcKsuxCObBRu6DSm9opw/O6slWbJdghQM4bBg==
  
  node-addon-api@^5.0.0:
    version "5.1.0"
    resolved "https://registry.npmjs.org/node-addon-api/-/node-addon-api-5.1.0.tgz"
    integrity sha512-eh0GgfEkpnoWDq+VY8OyvYhFEzBk6jIYbRKdIlyTiAXIVJ8PyBaKb0rp7oDtoddbdoHWhq8wwr+XZ81F1rpNdA==
  
  node-fetch@^2.6.7:
    version "2.6.11"
    resolved "https://registry.npmjs.org/node-fetch/-/node-fetch-2.6.11.tgz"
    integrity sha512-4I6pdBY1EthSqDmJkiNk3JIT8cswwR9nfeW/cPdUagJYEQG7R95WRH74wpz7ma8Gh/9dI9FP+OU+0E4FvtA55w==
    dependencies:
      whatwg-url "^5.0.0"
  
  nodemailer@^6.9.7:
    version "6.9.7"
    resolved "https://registry.npmjs.org/nodemailer/-/nodemailer-6.9.7.tgz"
    integrity sha512-rUtR77ksqex/eZRLmQ21LKVH5nAAsVicAtAYudK7JgwenEDZ0UIQ1adUGqErz7sMkWYxWTTU1aeP2Jga6WQyJw==
  
  nopt@^5.0.0:
    version "5.0.0"
    resolved "https://registry.npmjs.org/nopt/-/nopt-5.0.0.tgz"
    integrity sha512-Tbj67rffqceeLpcRXrT7vKAN8CwfPeIBgM7E6iBkmKLV7bEMwpGgYLGv0jACUsECaa/vuxP0IjEont6umdMgtQ==
    dependencies:
      abbrev "1"
  
  normalize-path@^3.0.0, normalize-path@~3.0.0:
    version "3.0.0"
    resolved "https://registry.npmjs.org/normalize-path/-/normalize-path-3.0.0.tgz"
    integrity sha512-6eZs5Ls3WtCisHWp9S2GUy8dqkpGi4BVSz3GaqiE6ezub0512ESztXUwUB6C6IKbQkY2Pnb/mD4WYojCRwcwLA==
  
  npm-run-path@^5.1.0:
    version "5.1.0"
    resolved "https://registry.npmjs.org/npm-run-path/-/npm-run-path-5.1.0.tgz"
    integrity sha512-sJOdmRGrY2sjNTRMbSvluQqg+8X7ZK61yvzBEIDhz4f8z1TZFYABsqjjCBd/0PUNE9M6QDgHJXQkGUEm7Q+l9Q==
    dependencies:
      path-key "^4.0.0"
  
  npmlog@^5.0.1:
    version "5.0.1"
    resolved "https://registry.npmjs.org/npmlog/-/npmlog-5.0.1.tgz"
    integrity sha512-AqZtDUWOMKs1G/8lwylVjrdYgqA4d9nu8hc+0gzRxlDb1I10+FHBGMXs6aiQHFdCUUlqH99MUMuLfzWDNDtfxw==
    dependencies:
      are-we-there-yet "^2.0.0"
      console-control-strings "^1.1.0"
      gauge "^3.0.0"
      set-blocking "^2.0.0"
  
  object-assign@^4, object-assign@^4.1.1:
    version "4.1.1"
    resolved "https://registry.npmjs.org/object-assign/-/object-assign-4.1.1.tgz"
    integrity sha512-rJgTQnkUnH1sFw8yT6VSU3zD3sWmu6sZhIseY8VX+GRu3P6F7Fu+JNDoXfklElbLJSnc3FUQHVe4cU5hj+BcUg==
  
  object-hash@^2.0.1:
    version "2.2.0"
    resolved "https://registry.npmjs.org/object-hash/-/object-hash-2.2.0.tgz"
    integrity sha512-gScRMn0bS5fH+IuwyIFgnh9zBdo4DV+6GhygmWM9HyNJSgS0hScp1f5vjtm7oIIOiT9trXrShAkLFSc2IqKNgw==
  
  object-inspect@^1.9.0:
    version "1.12.3"
    resolved "https://registry.npmjs.org/object-inspect/-/object-inspect-1.12.3.tgz"
    integrity sha512-geUvdk7c+eizMNUDkRpW1wJwgfOiOeHbxBR/hLXK1aT6zmVSO0jsQcs7fj6MGw89jC/cjGfLcNOrtMYtGqm81g==
  
  on-finished@2.4.1:
    version "2.4.1"
    resolved "https://registry.npmjs.org/on-finished/-/on-finished-2.4.1.tgz"
    integrity sha512-oVlzkg3ENAhCk2zdv7IJwd/QUD4z2RxRwpkcGY8psCVcCYZNq4wYnVWALHM+brtuJjePWiYF/ClmuDr8Ch5+kg==
    dependencies:
      ee-first "1.1.1"
  
  once@^1.3.0:
    version "1.4.0"
    resolved "https://registry.npmjs.org/once/-/once-1.4.0.tgz"
    integrity sha512-lNaJgI+2Q5URQBkccEKHTQOPaXdUxnZZElQTZY0MFUAuaEqe1E+Nyvgdz/aIyNi6Z9MzO5dv1H8n58/GELp3+w==
    dependencies:
      wrappy "1"
  
  one-time@^1.0.0:
    version "1.0.0"
    resolved "https://registry.npmjs.org/one-time/-/one-time-1.0.0.tgz"
    integrity sha512-5DXOiRKwuSEcQ/l0kGCF6Q3jcADFv5tSmRaJck/OqkVFcOzutB134KRSfF0xDrL39MNnqxbHBbUUcjZIhTgb2g==
    dependencies:
      fn.name "1.x.x"
  
  onetime@^6.0.0:
    version "6.0.0"
    resolved "https://registry.npmjs.org/onetime/-/onetime-6.0.0.tgz"
    integrity sha512-1FlR+gjXK7X+AsAHso35MnyN5KqGwJRi/31ft6x0M194ht7S+rWAvd7PHss9xSKMzE0asv1pyIHaJYq+BbacAQ==
    dependencies:
      mimic-fn "^4.0.0"
  
  onetime@^7.0.0:
    version "7.0.0"
    resolved "https://registry.yarnpkg.com/onetime/-/onetime-7.0.0.tgz#9f16c92d8c9ef5120e3acd9dd9957cceecc1ab60"
    integrity sha512-VXJjc87FScF88uafS3JllDgvAm+c/Slfz06lorj2uAY34rlUu0Nt+v8wreiImcrgAjjIHp1rXpTDlLOGw29WwQ==
    dependencies:
      mimic-function "^5.0.0"
  
  optionator@^0.9.3:
    version "0.9.4"
    resolved "https://registry.yarnpkg.com/optionator/-/optionator-0.9.4.tgz#7ea1c1a5d91d764fb282139c88fe11e182a3a734"
    integrity sha512-6IpQ7mKUxRcZNLIObR0hz7lxsapSSIYNZJwXPGeF0mTVqGKFIXj1DQcMoT22S3ROcLyY/rz0PWaWZ9ayWmad9g==
    dependencies:
      deep-is "^0.1.3"
      fast-levenshtein "^2.0.6"
      levn "^0.4.1"
      prelude-ls "^1.2.1"
      type-check "^0.4.0"
      word-wrap "^1.2.5"
  
  p-limit@^3.0.2:
    version "3.1.0"
    resolved "https://registry.yarnpkg.com/p-limit/-/p-limit-3.1.0.tgz#e1daccbe78d0d1388ca18c64fea38e3e57e3706b"
    integrity sha512-TYOanM3wGwNGsZN2cVTYPArw454xnXj5qmWF1bEoAc4+cU/ol7GVh7odevjp1FNHduHc3KZMcFduxU5Xc6uJRQ==
    dependencies:
      yocto-queue "^0.1.0"
  
  p-locate@^5.0.0:
    version "5.0.0"
    resolved "https://registry.yarnpkg.com/p-locate/-/p-locate-5.0.0.tgz#83c8315c6785005e3bd021839411c9e110e6d834"
    integrity sha512-LaNjtRWUBY++zB5nE/NwcaoMylSPk+S+ZHNB1TzdbMJMny6dynpAGt7X/tl/QYq3TIeE6nxHppbo2LGymrG5Pw==
    dependencies:
      p-limit "^3.0.2"
  
  parent-module@^1.0.0:
    version "1.0.1"
    resolved "https://registry.npmjs.org/parent-module/-/parent-module-1.0.1.tgz"
    integrity sha512-GQ2EWRpQV8/o+Aw8YqtfZZPfNRWZYkbidE9k5rpl/hC3vtHHBfGm2Ifi6qWV+coDGkrUKZAxE3Lot5kcsRlh+g==
    dependencies:
      callsites "^3.0.0"
  
  parseurl@~1.3.3:
    version "1.3.3"
    resolved "https://registry.npmjs.org/parseurl/-/parseurl-1.3.3.tgz"
    integrity sha512-CiyeOxFT/JZyN5m0z9PfXw4SCBJ6Sygz1Dpl0wqjlhDEGGBP1GnsUVEL0p63hoG1fcj3fHynXi9NYO4nWOL+qQ==
  
  path-exists@^4.0.0:
    version "4.0.0"
    resolved "https://registry.yarnpkg.com/path-exists/-/path-exists-4.0.0.tgz#513bdbe2d3b95d7762e8c1137efa195c6c61b5b3"
    integrity sha512-ak9Qy5Q7jYb2Wwcey5Fpvg2KoAc/ZIhLSLOSBmRmygPsGwkVVt0fZa0qrtMz+m6tJTAHfZQ8FnmB4MG4LWy7/w==
  
  path-is-absolute@^1.0.0:
    version "1.0.1"
    resolved "https://registry.npmjs.org/path-is-absolute/-/path-is-absolute-1.0.1.tgz"
    integrity sha512-AVbw3UJ2e9bq64vSaS9Am0fje1Pa8pbGqTTsmXfaIiMpnr5DlDhfJOuLj9Sf95ZPVDAUerDfEk88MPmPe7UCQg==
  
  path-key@^3.1.0:
    version "3.1.1"
    resolved "https://registry.npmjs.org/path-key/-/path-key-3.1.1.tgz"
    integrity sha512-ojmeN0qd+y0jszEtoY48r0Peq5dwMEkIlCOu6Q5f41lfkswXuKtYrhgoTpLnyIcHm24Uhqx+5Tqm2InSwLhE6Q==
  
  path-key@^4.0.0:
    version "4.0.0"
    resolved "https://registry.npmjs.org/path-key/-/path-key-4.0.0.tgz"
    integrity sha512-haREypq7xkM7ErfgIyA0z+Bj4AGKlMSdlQE2jvJo6huWD1EdkKYV+G/T4nq0YEF2vgTT8kqMFKo1uHn950r4SQ==
  
  path-parse@^1.0.7:
    version "1.0.7"
    resolved "https://registry.npmjs.org/path-parse/-/path-parse-1.0.7.tgz"
    integrity sha512-LDJzPVEEEPR+y48z93A0Ed0yXb8pAByGWo/k5YYdYgpY2/2EsOsksJrq7lOHxryrVOn1ejG6oAp8ahvOIQD8sw==
  
  path-to-regexp@0.1.7:
    version "0.1.7"
    resolved "https://registry.npmjs.org/path-to-regexp/-/path-to-regexp-0.1.7.tgz"
    integrity sha512-5DFkuoqlv1uYQKxy8omFBeJPQcdoE07Kv2sferDCrAq1ohOU+MSDswDIbnx3YAM60qIOnYa53wBhXW0EbMonrQ==
  
  picomatch@^2.0.4, picomatch@^2.2.1, picomatch@^2.3.1:
    version "2.3.1"
    resolved "https://registry.npmjs.org/picomatch/-/picomatch-2.3.1.tgz"
    integrity sha512-JU3teHTNjmE2VCGFzuY8EXzCDVwEqB2a8fsIvwaStHhAWJEeVd1o1QD80CU6+ZdEXXSLbSsuLwJjkCBWqRQUVA==
  
  pidtree@~0.6.0:
    version "0.6.0"
    resolved "https://registry.yarnpkg.com/pidtree/-/pidtree-0.6.0.tgz#90ad7b6d42d5841e69e0a2419ef38f8883aa057c"
    integrity sha512-eG2dWTVw5bzqGRztnHExczNxt5VGsE6OwTeCG3fdUf9KBsZzO3R5OIIIzWR+iZA0NtZ+RDVdaoE2dK1cn6jH4g==
  
  prelude-ls@^1.2.1:
    version "1.2.1"
    resolved "https://registry.npmjs.org/prelude-ls/-/prelude-ls-1.2.1.tgz"
    integrity sha512-vkcDPrRZo1QZLbn5RLGPpg/WmIQ65qoWWhcGKf/b5eplkkarX0m9z8ppCat4mlOqUsWpyNuYgO3VRyrYHSzX5g==
  
  prettier-linter-helpers@^1.0.0:
    version "1.0.0"
    resolved "https://registry.yarnpkg.com/prettier-linter-helpers/-/prettier-linter-helpers-1.0.0.tgz#d23d41fe1375646de2d0104d3454a3008802cf7b"
    integrity sha512-GbK2cP9nraSSUF9N2XwUwqfzlAFlMNYYl+ShE/V+H8a9uNl/oUqB1w2EL54Jh0OlyRSd8RfWYJ3coVS4TROP2w==
    dependencies:
      fast-diff "^1.1.2"
  
  prettier-plugin-tailwindcss@^0.6.6:
    version "0.6.6"
    resolved "https://registry.yarnpkg.com/prettier-plugin-tailwindcss/-/prettier-plugin-tailwindcss-0.6.6.tgz#93e524d3c30f3fb45dc9e99de985b2a584ff063f"
    integrity sha512-OPva5S7WAsPLEsOuOWXATi13QrCKACCiIonFgIR6V4lYv4QLp++UXVhZSzRbZxXGimkQtQT86CC6fQqTOybGng==
  
  prettier@^3.3.3:
    version "3.3.3"
    resolved "https://registry.yarnpkg.com/prettier/-/prettier-3.3.3.tgz#30c54fe0be0d8d12e6ae61dbb10109ea00d53105"
    integrity sha512-i2tDNA0O5IrMO757lfrdQZCc2jPNDVntV0m/+4whiDfWaTKfMNgR7Qz0NAeGz/nRqF4m5/6CLzbP4/liHt12Ew==
  
  proxy-addr@~2.0.7:
    version "2.0.7"
    resolved "https://registry.npmjs.org/proxy-addr/-/proxy-addr-2.0.7.tgz"
    integrity sha512-llQsMLSUDUPT44jdrU/O37qlnifitDP+ZwrmmZcoSKyLKvtZxpyV0n2/bD/N4tBAAZ/gJEdZU7KMraoK1+XYAg==
    dependencies:
      forwarded "0.2.0"
      ipaddr.js "1.9.1"
  
  punycode@^2.1.0:
    version "2.3.0"
    resolved "https://registry.npmjs.org/punycode/-/punycode-2.3.0.tgz"
    integrity sha512-rRV+zQD8tVFys26lAGR9WUuS4iUAngJScM+ZRSKtvl5tKeZ2t5bvdNFdNHBW9FWR4guGHlgmsZ1G7BSm2wTbuA==
  
  punycode@^2.3.0:
    version "2.3.1"
    resolved "https://registry.yarnpkg.com/punycode/-/punycode-2.3.1.tgz#027422e2faec0b25e1549c3e1bd8309b9133b6e5"
    integrity sha512-vYt7UD1U9Wg6138shLtLOvdAu+8DsC/ilFtEVHcH+wydcSpNE20AfSOduf6MkRFahL5FY7X1oU7nKVZFtfq8Fg==
  
  qs@6.11.0:
    version "6.11.0"
    resolved "https://registry.npmjs.org/qs/-/qs-6.11.0.tgz"
    integrity sha512-MvjoMCJwEarSbUYk5O+nmoSzSutSsTwF85zcHPQ9OrlFoZOYIjaqBAJIqIXjptyD5vThxGq52Xu/MaJzRkIk4Q==
    dependencies:
      side-channel "^1.0.4"
  
  queue-microtask@^1.2.2:
    version "1.2.3"
    resolved "https://registry.npmjs.org/queue-microtask/-/queue-microtask-1.2.3.tgz"
    integrity sha512-NuaNSa6flKT5JaSYQzJok04JzTL1CA6aGhv5rfLW3PgqA+M2ChpZQnAC8h8i4ZFkBS8X5RqkDBHA7r4hej3K9A==
  
  range-parser@~1.2.1:
    version "1.2.1"
    resolved "https://registry.npmjs.org/range-parser/-/range-parser-1.2.1.tgz"
    integrity sha512-Hrgsx+orqoygnmhFbKaHE6c296J+HTAQXoxEF6gNupROmmGJRoyzfG3ccAveqCBrwr/2yxQ5BVd/GTl5agOwSg==
  
  raw-body@2.5.1:
    version "2.5.1"
    resolved "https://registry.npmjs.org/raw-body/-/raw-body-2.5.1.tgz"
    integrity sha512-qqJBtEyVgS0ZmPGdCFPWJ3FreoqvG4MVQln/kCgF7Olq95IbOp0/BWyMwbdtn4VTvkM8Y7khCQ2Xgk/tcrCXig==
    dependencies:
      bytes "3.1.2"
      http-errors "2.0.0"
      iconv-lite "0.4.24"
      unpipe "1.0.0"
  
  readable-stream@^3.4.0, readable-stream@^3.6.0:
    version "3.6.2"
    resolved "https://registry.npmjs.org/readable-stream/-/readable-stream-3.6.2.tgz"
    integrity sha512-9u/sniCrY3D5WdsERHzHE4G2YCXqoG5FTHUiCC4SIbr6XcLZBY05ya9EKjYek9O5xOAwjGq+1JdGBAS7Q9ScoA==
    dependencies:
      inherits "^2.0.3"
      string_decoder "^1.1.1"
      util-deprecate "^1.0.1"
  
  readdirp@~3.6.0:
    version "3.6.0"
    resolved "https://registry.npmjs.org/readdirp/-/readdirp-3.6.0.tgz"
    integrity sha512-hOS089on8RduqdbhvQ5Z37A0ESjsqz6qnRcffsMU3495FuTdqSm+7bhJ29JvIOsBDEEnan5DPu9t3To9VRlMzA==
    dependencies:
      picomatch "^2.2.1"
  
  recast@^0.23.7:
    version "0.23.9"
    resolved "https://registry.yarnpkg.com/recast/-/recast-0.23.9.tgz#587c5d3a77c2cfcb0c18ccce6da4361528c2587b"
    integrity sha512-Hx/BGIbwj+Des3+xy5uAtAbdCyqK9y9wbBcDFDYanLS9JnMqf7OeF87HQwUimE87OEc72mr6tkKUKMBBL+hF9Q==
    dependencies:
      ast-types "^0.16.1"
      esprima "~4.0.0"
      source-map "~0.6.1"
      tiny-invariant "^1.3.3"
      tslib "^2.0.1"
  
  redis@^4.6.8:
    version "4.6.8"
    resolved "https://registry.npmjs.org/redis/-/redis-4.6.8.tgz"
    integrity sha512-S7qNkPUYrsofQ0ztWlTHSaK0Qqfl1y+WMIxrzeAGNG+9iUZB4HGeBgkHxE6uJJ6iXrkvLd1RVJ2nvu6H1sAzfQ==
    dependencies:
      "@redis/bloom" "1.2.0"
      "@redis/client" "1.5.9"
      "@redis/graph" "1.1.0"
      "@redis/json" "1.0.4"
      "@redis/search" "1.1.3"
      "@redis/time-series" "1.0.5"
  
  resolve-from@^4.0.0:
    version "4.0.0"
    resolved "https://registry.npmjs.org/resolve-from/-/resolve-from-4.0.0.tgz"
    integrity sha512-pb/MYmXstAkysRFx8piNI1tGFNQIFA3vkE3Gq4EuA1dF6gHp/+vgZqsCGJapvy8N3Q+4o7FwvquPJcnZ7RYy4g==
  
  resolve@^1.0.0:
    version "1.22.2"
    resolved "https://registry.npmjs.org/resolve/-/resolve-1.22.2.tgz"
    integrity sha512-Sb+mjNHOULsBv818T40qSPeRiuWLyaGMa5ewydRLFimneixmVy2zdivRl+AF6jaYPC8ERxGDmFSiqui6SfPd+g==
    dependencies:
      is-core-module "^2.11.0"
      path-parse "^1.0.7"
      supports-preserve-symlinks-flag "^1.0.0"
  
  restore-cursor@^5.0.0:
    version "5.1.0"
    resolved "https://registry.yarnpkg.com/restore-cursor/-/restore-cursor-5.1.0.tgz#0766d95699efacb14150993f55baf0953ea1ebe7"
    integrity sha512-oMA2dcrw6u0YfxJQXm342bFKX/E4sG9rbTzO9ptUcR/e8A33cHuvStiYOwH7fszkZlZ1z/ta9AAoPk2F4qIOHA==
    dependencies:
      onetime "^7.0.0"
      signal-exit "^4.1.0"
  
  reusify@^1.0.4:
    version "1.0.4"
    resolved "https://registry.npmjs.org/reusify/-/reusify-1.0.4.tgz"
    integrity sha512-U9nH88a3fc/ekCF1l0/UP1IosiuIjyTh7hBvXVMHYgVcfGvt897Xguj2UOLDeI5BG2m7/uwyaLVT6fbtCwTyzw==
  
  rfdc@^1.4.1:
    version "1.4.1"
    resolved "https://registry.yarnpkg.com/rfdc/-/rfdc-1.4.1.tgz#778f76c4fb731d93414e8f925fbecf64cce7f6ca"
    integrity sha512-q1b3N5QkRUWUl7iyylaaj3kOpIT0N2i9MqIEQXP73GVsN9cw3fdx8X63cEmWhJGi2PPCF23Ijp7ktmd39rawIA==
  
  rimraf@^2.6.1:
    version "2.7.1"
    resolved "https://registry.npmjs.org/rimraf/-/rimraf-2.7.1.tgz"
    integrity sha512-uWjbaKIK3T1OSVptzX7Nl6PvQ3qAGtKEtVRjRuazjfL3Bx5eI409VZSqgND+4UNnmzLVdPj9FqFJNPqBZFve4w==
    dependencies:
      glob "^7.1.3"
  
  rimraf@^3.0.2:
    version "3.0.2"
    resolved "https://registry.npmjs.org/rimraf/-/rimraf-3.0.2.tgz"
    integrity sha512-JZkJMZkAGFFPP2YqXZXPbMlMBgsxzE8ILs4lMIX/2o0L9UBw9O/Y3o6wFw/i9YLapcUJWwqbi3kdxIPdC62TIA==
    dependencies:
      glob "^7.1.3"
  
  run-parallel@^1.1.9:
    version "1.2.0"
    resolved "https://registry.npmjs.org/run-parallel/-/run-parallel-1.2.0.tgz"
    integrity sha512-5l4VyZR86LZ/lDxZTR6jqL8AFE2S0IFLMP26AbjsLVADxHdhB/c0GUsH+y39UfCi3dzz8OlQuPmnaJOMoDHQBA==
    dependencies:
      queue-microtask "^1.2.2"
  
  safe-buffer@5.2.1, safe-buffer@^5.0.1, safe-buffer@~5.2.0:
    version "5.2.1"
    resolved "https://registry.npmjs.org/safe-buffer/-/safe-buffer-5.2.1.tgz"
    integrity sha512-rp3So07KcdmmKbGvgaNxQSJr7bGVSVk5S9Eq1F+ppbRo70+YeaDxkw5Dd8NPN+GD6bjnYm2VuPuCXmpuYvmCXQ==
  
  safe-stable-stringify@^2.3.1:
    version "2.4.3"
    resolved "https://registry.npmjs.org/safe-stable-stringify/-/safe-stable-stringify-2.4.3.tgz"
    integrity sha512-e2bDA2WJT0wxseVd4lsDP4+3ONX6HpMXQa1ZhFQ7SU+GjvORCmShbCMltrtIDfkYhVHrOcPtj+KhmDBdPdZD1g==
  
  "safer-buffer@>= 2.1.2 < 3":
    version "2.1.2"
    resolved "https://registry.npmjs.org/safer-buffer/-/safer-buffer-2.1.2.tgz"
    integrity sha512-YZo3K82SD7Riyi0E1EQPojLz7kpepnSQI9IyPbHHg1XXXevb5dJI7tpyN2ADxGcQbHG7vcyRHk0cbwqcQriUtg==
  
  semver@^6.0.0:
    version "6.3.0"
    resolved "https://registry.npmjs.org/semver/-/semver-6.3.0.tgz"
    integrity sha512-b39TBaTSfV6yBrapU89p5fKekE2m/NwnDocOVruQFS1/veMgdzuPcnOM34M6CwxW8jH/lxEa5rBoDeUwu5HHTw==
  
  semver@^7.3.5:
    version "7.5.1"
    resolved "https://registry.npmjs.org/semver/-/semver-7.5.1.tgz"
    integrity sha512-Wvss5ivl8TMRZXXESstBA4uR5iXgEN/VC5/sOcuXdVLzcdkz4HWetIoRfG5gb5X+ij/G9rw9YoGn3QoQ8OCSpw==
    dependencies:
      lru-cache "^6.0.0"
  
  semver@^7.3.8:
    version "7.5.2"
    resolved "https://registry.npmjs.org/semver/-/semver-7.5.2.tgz"
    integrity sha512-SoftuTROv/cRjCze/scjGyiDtcUyxw1rgYQSZY7XTmtR5hX+dm76iDbTH8TkLPHCQmlbQVSSbNZCPM2hb0knnQ==
    dependencies:
      lru-cache "^6.0.0"
  
  semver@^7.6.0:
    version "7.6.3"
    resolved "https://registry.yarnpkg.com/semver/-/semver-7.6.3.tgz#980f7b5550bc175fb4dc09403085627f9eb33143"
    integrity sha512-oVekP1cKtI+CTDvHWYFUcMtsK/00wmAEfyqKfNdARm8u1wNVhSgaX7A8d4UuIlUI5e84iEwOhs7ZPYRmzU9U6A==
  
  send@0.18.0:
    version "0.18.0"
    resolved "https://registry.npmjs.org/send/-/send-0.18.0.tgz"
    integrity sha512-qqWzuOjSFOuqPjFe4NOsMLafToQQwBSOEpS+FwEt3A2V3vKubTquT3vmLTQpFgMXp8AlFWFuP1qKaJZOtPpVXg==
    dependencies:
      debug "2.6.9"
      depd "2.0.0"
      destroy "1.2.0"
      encodeurl "~1.0.2"
      escape-html "~1.0.3"
      etag "~1.8.1"
      fresh "0.5.2"
      http-errors "2.0.0"
      mime "1.6.0"
      ms "2.1.3"
      on-finished "2.4.1"
      range-parser "~1.2.1"
      statuses "2.0.1"
  
  serve-static@1.15.0:
    version "1.15.0"
    resolved "https://registry.npmjs.org/serve-static/-/serve-static-1.15.0.tgz"
    integrity sha512-XGuRDNjXUijsUL0vl6nSD7cwURuzEgglbOaFuZM9g3kwDXOWVTck0jLzjPzGD+TazWbboZYu52/9/XPdUgne9g==
    dependencies:
      encodeurl "~1.0.2"
      escape-html "~1.0.3"
      parseurl "~1.3.3"
      send "0.18.0"
  
  set-blocking@^2.0.0:
    version "2.0.0"
    resolved "https://registry.npmjs.org/set-blocking/-/set-blocking-2.0.0.tgz"
    integrity sha512-KiKBS8AnWGEyLzofFfmvKwpdPzqiy16LvQfK3yv/fVH7Bj13/wl3JSR1J+rfgRE9q7xUJK4qvgS8raSOeLUehw==
  
  setprototypeof@1.2.0:
    version "1.2.0"
    resolved "https://registry.npmjs.org/setprototypeof/-/setprototypeof-1.2.0.tgz"
    integrity sha512-E5LDX7Wrp85Kil5bhZv46j8jOeboKq5JMmYM3gVGdGH8xFpPWXUMsNrlODCrkoxMEeNi/XZIwuRvY4XNwYMJpw==
  
  shebang-command@^2.0.0:
    version "2.0.0"
    resolved "https://registry.npmjs.org/shebang-command/-/shebang-command-2.0.0.tgz"
    integrity sha512-kHxr2zZpYtdmrN1qDjrrX/Z1rR1kG8Dx+gkpK1G4eXmvXswmcE1hTWBWYUzlraYw1/yZp6YuDY77YtvbN0dmDA==
    dependencies:
      shebang-regex "^3.0.0"
  
  shebang-regex@^3.0.0:
    version "3.0.0"
    resolved "https://registry.npmjs.org/shebang-regex/-/shebang-regex-3.0.0.tgz"
    integrity sha512-7++dFhtcx3353uBaq8DDR4NuxBetBzC7ZQOhmTQInHEd6bSrXdiEyzCvG07Z44UYdLShWUyXt5M/yhz8ekcb1A==
  
  side-channel@^1.0.4:
    version "1.0.4"
    resolved "https://registry.npmjs.org/side-channel/-/side-channel-1.0.4.tgz"
    integrity sha512-q5XPytqFEIKHkGdiMIrY10mvLRvnQh42/+GoBlFW3b2LXLE2xxJpZFdm94we0BaoV3RwJyGqg5wS7epxTv0Zvw==
    dependencies:
      call-bind "^1.0.0"
      get-intrinsic "^1.0.2"
      object-inspect "^1.9.0"
  
  sift@17.1.3:
    version "17.1.3"
    resolved "https://registry.yarnpkg.com/sift/-/sift-17.1.3.tgz#9d2000d4d41586880b0079b5183d839c7a142bf7"
    integrity sha512-Rtlj66/b0ICeFzYTuNvX/EF1igRbbnGSvEyT79McoZa/DeGhMyC5pWKOEsZKnpkqtSeovd5FL/bjHWC3CIIvCQ==
  
  signal-exit@^3.0.0:
    version "3.0.7"
    resolved "https://registry.npmjs.org/signal-exit/-/signal-exit-3.0.7.tgz"
    integrity sha512-wnD2ZE+l+SPC/uoS0vXeE9L1+0wuaMqKlfz9AMUo38JsyLSBWSFcHR1Rri62LZc12vLr1gb3jl7iwQhgwpAbGQ==
  
  signal-exit@^4.1.0:
    version "4.1.0"
    resolved "https://registry.yarnpkg.com/signal-exit/-/signal-exit-4.1.0.tgz#952188c1cbd546070e2dd20d0f41c0ae0530cb04"
    integrity sha512-bzyZ1e88w9O1iNJbKnOlvYTrWPDl46O1bG0D3XInv+9tkPrxrN8jUUTiFlDkkmKWgn1M6CfIA13SuGqOa9Korw==
  
  simple-swizzle@^0.2.2:
    version "0.2.2"
    resolved "https://registry.npmjs.org/simple-swizzle/-/simple-swizzle-0.2.2.tgz"
    integrity sha512-JA//kQgZtbuY83m+xT+tXJkmJncGMTFT+C+g2h2R9uxkYIrE2yy9sgmcLhCnw57/WSD+Eh3J97FPEDFnbXnDUg==
    dependencies:
      is-arrayish "^0.3.1"
  
  slice-ansi@^5.0.0:
    version "5.0.0"
    resolved "https://registry.npmjs.org/slice-ansi/-/slice-ansi-5.0.0.tgz"
    integrity sha512-FC+lgizVPfie0kkhqUScwRu1O/lF6NOgJmlCgK+/LYxDCTk8sGelYaHDhFcDN+Sn3Cv+3VSa4Byeo+IMCzpMgQ==
    dependencies:
      ansi-styles "^6.0.0"
      is-fullwidth-code-point "^4.0.0"
  
  slice-ansi@^7.1.0:
    version "7.1.0"
    resolved "https://registry.yarnpkg.com/slice-ansi/-/slice-ansi-7.1.0.tgz#cd6b4655e298a8d1bdeb04250a433094b347b9a9"
    integrity sha512-bSiSngZ/jWeX93BqeIAbImyTbEihizcwNjFoRUIY/T1wWQsfsm2Vw1agPKylXvQTU7iASGdHhyqRlqQzfz+Htg==
    dependencies:
      ansi-styles "^6.2.1"
      is-fullwidth-code-point "^5.0.0"
  
  source-map-support@^0.5.12:
    version "0.5.21"
    resolved "https://registry.npmjs.org/source-map-support/-/source-map-support-0.5.21.tgz"
    integrity sha512-uBHU3L3czsIyYXKX88fdrGovxdSCoTGDRZ6SYXtSRxLZUzHg5P/66Ht6uoUlHu9EZod+inXhKo3qQgwXUT/y1w==
    dependencies:
      buffer-from "^1.0.0"
      source-map "^0.6.0"
  
  source-map@^0.6.0, source-map@~0.6.1:
    version "0.6.1"
    resolved "https://registry.npmjs.org/source-map/-/source-map-0.6.1.tgz"
    integrity sha512-UjgapumWlbMhkBgzT7Ykc5YXUT46F0iKu8SGXq0bcwP5dz/h0Plj6enJqjz1Zbq2l5WaqYnrVbwWOWMyF3F47g==
  
  sparse-bitfield@^3.0.3:
    version "3.0.3"
    resolved "https://registry.npmjs.org/sparse-bitfield/-/sparse-bitfield-3.0.3.tgz"
    integrity sha512-kvzhi7vqKTfkh0PZU+2D2PIllw2ymqJKujUcyPMd9Y75Nv4nPbGJZXNhxsgdQab2BmlDct1YnfQCguEvHr7VsQ==
    dependencies:
      memory-pager "^1.0.2"
  
  stack-trace@0.0.x:
    version "0.0.10"
    resolved "https://registry.npmjs.org/stack-trace/-/stack-trace-0.0.10.tgz"
    integrity sha512-KGzahc7puUKkzyMt+IqAep+TVNbKP+k2Lmwhub39m1AsTSkaDutx56aDCo+HLDzf/D26BIHTJWNiTG1KAJiQCg==
  
  statuses@2.0.1:
    version "2.0.1"
    resolved "https://registry.npmjs.org/statuses/-/statuses-2.0.1.tgz"
    integrity sha512-RwNA9Z/7PrK06rYLIzFMlaF+l73iwpzsqRIFgbMLbTcLD6cOao82TaWefPXQvB2fOC4AjuYSEndS7N/mTCbkdQ==
  
  string-argv@~0.3.2:
    version "0.3.2"
    resolved "https://registry.yarnpkg.com/string-argv/-/string-argv-0.3.2.tgz#2b6d0ef24b656274d957d54e0a4bbf6153dc02b6"
    integrity sha512-aqD2Q0144Z+/RqG52NeHEkZauTAUWJO8c6yTftGJKO3Tja5tUgIfmIl6kExvhtxSDP7fXB6DvzkfMpCd/F3G+Q==
  
  "string-width@^1.0.2 || 2 || 3 || 4", string-width@^4.2.3:
    version "4.2.3"
    resolved "https://registry.npmjs.org/string-width/-/string-width-4.2.3.tgz"
    integrity sha512-wKyQRQpjJ0sIp62ErSZdGsjMJWsap5oRNihHhu6G7JVO/9jIB6UyevL+tXuOqrng8j/cxKTWyWUwvSTriiZz/g==
    dependencies:
      emoji-regex "^8.0.0"
      is-fullwidth-code-point "^3.0.0"
      strip-ansi "^6.0.1"
  
  string-width@^7.0.0:
    version "7.2.0"
    resolved "https://registry.yarnpkg.com/string-width/-/string-width-7.2.0.tgz#b5bb8e2165ce275d4d43476dd2700ad9091db6dc"
    integrity sha512-tsaTIkKW9b4N+AEj+SVA+WhJzV7/zMhcSu78mLKWSk7cXMOSHsBKFWUs0fWwq8QyK3MgJBQRX6Gbi4kYbdvGkQ==
    dependencies:
      emoji-regex "^10.3.0"
      get-east-asian-width "^1.0.0"
      strip-ansi "^7.1.0"
  
  string_decoder@^1.1.1:
    version "1.3.0"
    resolved "https://registry.npmjs.org/string_decoder/-/string_decoder-1.3.0.tgz"
    integrity sha512-hkRX8U1WjJFd8LsDJ2yQ/wWWxaopEsABU1XfkM8A+j0+85JAGppt16cr1Whg6KIbb4okU6Mql6BOj+uup/wKeA==
    dependencies:
      safe-buffer "~5.2.0"
  
  strip-ansi@^6.0.1:
    version "6.0.1"
    resolved "https://registry.npmjs.org/strip-ansi/-/strip-ansi-6.0.1.tgz"
    integrity sha512-Y38VPSHcqkFrCpFnQ9vuSXmquuv5oXOKpGeT6aGrr3o3Gc9AlVa6JBfUSOCnbxGGZF+/0ooI7KrPuUSztUdU5A==
    dependencies:
      ansi-regex "^5.0.1"
  
  strip-ansi@^7.1.0:
    version "7.1.0"
    resolved "https://registry.yarnpkg.com/strip-ansi/-/strip-ansi-7.1.0.tgz#d5b6568ca689d8561370b0707685d22434faff45"
    integrity sha512-iq6eVVI64nQQTRYq2KtEg2d2uU7LElhTJwsH4YzIHZshxlgZms/wIc4VoDQTlG/IvVIrBKG06CrZnp0qv7hkcQ==
    dependencies:
      ansi-regex "^6.0.1"
  
  strip-bom@^3.0.0:
    version "3.0.0"
    resolved "https://registry.npmjs.org/strip-bom/-/strip-bom-3.0.0.tgz"
    integrity sha512-vavAMRXOgBVNF6nyEEmL3DBK19iRpDcoIwW+swQ+CbGiu7lju6t+JklA1MHweoWtadgt4ISVUsXLyDq34ddcwA==
  
  strip-final-newline@^3.0.0:
    version "3.0.0"
    resolved "https://registry.npmjs.org/strip-final-newline/-/strip-final-newline-3.0.0.tgz"
    integrity sha512-dOESqjYr96iWYylGObzd39EuNTa5VJxyvVAEm5Jnh7KGo75V43Hk1odPQkNDyXNmUR6k+gEiDVXnjB8HJ3crXw==
  
  strip-json-comments@^2.0.0:
    version "2.0.1"
    resolved "https://registry.npmjs.org/strip-json-comments/-/strip-json-comments-2.0.1.tgz"
    integrity sha512-4gB8na07fecVVkOI6Rs4e7T6NOTki5EmL7TUduTs6bu3EdnSycntVJ4re8kgZA+wx9IueI2Y11bfbgwtzuE0KQ==
  
  strip-json-comments@^3.1.1:
    version "3.1.1"
    resolved "https://registry.npmjs.org/strip-json-comments/-/strip-json-comments-3.1.1.tgz"
    integrity sha512-6fPc+R4ihwqP6N/aIv2f1gMH8lOVtWQHoqC4yK6oSDVVocumAsfCqjkXnqiYMhmMwS/mEHLp7Vehlt3ql6lEig==
  
  supports-color@^7.1.0:
    version "7.2.0"
    resolved "https://registry.npmjs.org/supports-color/-/supports-color-7.2.0.tgz"
    integrity sha512-qpCAvRl9stuOHveKsn7HncJRvv501qIacKzQlO/+Lwxc9+0q2wLyv4Dfvt80/DPn2pqOBsJdDiogXGR9+OvwRw==
    dependencies:
      has-flag "^4.0.0"
  
  supports-preserve-symlinks-flag@^1.0.0:
    version "1.0.0"
    resolved "https://registry.npmjs.org/supports-preserve-symlinks-flag/-/supports-preserve-symlinks-flag-1.0.0.tgz"
    integrity sha512-ot0WnXS9fgdkgIcePe6RHNk1WA8+muPa6cSjeR3V8K27q9BB1rTE3R1p7Hv0z1ZyAc8s6Vvv8DIyWf681MAt0w==
  
  synckit@^0.9.1:
    version "0.9.1"
    resolved "https://registry.yarnpkg.com/synckit/-/synckit-0.9.1.tgz#febbfbb6649979450131f64735aa3f6c14575c88"
    integrity sha512-7gr8p9TQP6RAHusBOSLs46F4564ZrjV8xFmw5zCmgmhGUcw2hxsShhJ6CEiHQMgPDwAQ1fWHPM0ypc4RMAig4A==
    dependencies:
      "@pkgr/core" "^0.1.0"
      tslib "^2.6.2"
  
  tar@^6.1.11:
    version "6.1.15"
    resolved "https://registry.npmjs.org/tar/-/tar-6.1.15.tgz"
    integrity sha512-/zKt9UyngnxIT/EAGYuxaMYgOIJiP81ab9ZfkILq4oNLPFX50qyYmu7jRj9qeXoxmJHjGlbH0+cm2uy1WCs10A==
    dependencies:
      chownr "^2.0.0"
      fs-minipass "^2.0.0"
      minipass "^5.0.0"
      minizlib "^2.1.1"
      mkdirp "^1.0.3"
      yallist "^4.0.0"
  
  text-hex@1.0.x:
    version "1.0.0"
    resolved "https://registry.npmjs.org/text-hex/-/text-hex-1.0.0.tgz"
    integrity sha512-uuVGNWzgJ4yhRaNSiubPY7OjISw4sw4E5Uv0wbjp+OzcbmVU/rsT8ujgcXJhn9ypzsgr5vlzpPqP+MBBKcGvbg==
  
  text-table@^0.2.0:
    version "0.2.0"
    resolved "https://registry.npmjs.org/text-table/-/text-table-0.2.0.tgz"
    integrity sha512-N+8UisAXDGk8PFXP4HAzVR9nbfmVJ3zYLAWiTIoqC5v5isinhr+r5uaO8+7r3BMfuNIufIsA7RdpVgacC2cSpw==
  
  tiny-invariant@^1.3.3:
    version "1.3.3"
    resolved "https://registry.yarnpkg.com/tiny-invariant/-/tiny-invariant-1.3.3.tgz#46680b7a873a0d5d10005995eb90a70d74d60127"
    integrity sha512-+FbBPE1o9QAYvviau/qC5SE3caw21q3xkvWKBtja5vgqOWIHHJ3ioaq1VPfn/Szqctz2bU/oYeKd9/z5BL+PVg==
  
  to-regex-range@^5.0.1:
    version "5.0.1"
    resolved "https://registry.npmjs.org/to-regex-range/-/to-regex-range-5.0.1.tgz"
    integrity sha512-65P7iz6X5yEr1cwcgvQxbbIw7Uk3gOy5dIdtZ4rDveLqhrdJP+Li/Hx6tyK0NEb+2GCyneCMJiGqrADCSNk8sQ==
    dependencies:
      is-number "^7.0.0"
  
  toidentifier@1.0.1:
    version "1.0.1"
    resolved "https://registry.npmjs.org/toidentifier/-/toidentifier-1.0.1.tgz"
    integrity sha512-o5sSPKEkg/DIQNmH43V0/uerLrpzVedkUh8tGNvaeXpfpuwjKenlSox/2O/BTlZUtEe+JG7s5YhEz608PlAHRA==
  
  tr46@^4.1.1:
    version "4.1.1"
    resolved "https://registry.yarnpkg.com/tr46/-/tr46-4.1.1.tgz#281a758dcc82aeb4fe38c7dfe4d11a395aac8469"
    integrity sha512-2lv/66T7e5yNyhAAC4NaKe5nVavzuGJQVVtRYLyQ2OI8tsJ61PMLlelehb0wi2Hx6+hT/OJUWZcw8MjlSRnxvw==
    dependencies:
      punycode "^2.3.0"
  
  tr46@~0.0.3:
    version "0.0.3"
    resolved "https://registry.npmjs.org/tr46/-/tr46-0.0.3.tgz"
    integrity sha512-N3WMsuqV66lT30CrXNbEjx4GEwlow3v6rr4mCcv6prnfwhS01rkgyFdjPNBYd9br7LpXV1+Emh01fHnq2Gdgrw==
  
  tree-kill@^1.2.2:
    version "1.2.2"
    resolved "https://registry.npmjs.org/tree-kill/-/tree-kill-1.2.2.tgz"
    integrity sha512-L0Orpi8qGpRG//Nd+H90vFB+3iHnue1zSSGmNOOCh1GLJ7rUKVwV2HvijphGQS2UmhUZewS9VgvxYIdgr+fG1A==
  
  triple-beam@^1.3.0:
    version "1.3.0"
    resolved "https://registry.npmjs.org/triple-beam/-/triple-beam-1.3.0.tgz"
    integrity sha512-XrHUvV5HpdLmIj4uVMxHggLbFSZYIn7HEWsqePZcI50pco+MPqJ50wMGY794X7AOOhxOBAjbkqfAbEe/QMp2Lw==
  
  ts-api-utils@^1.3.0:
    version "1.3.0"
    resolved "https://registry.yarnpkg.com/ts-api-utils/-/ts-api-utils-1.3.0.tgz#4b490e27129f1e8e686b45cc4ab63714dc60eea1"
    integrity sha512-UQMIo7pb8WRomKR1/+MFVLTroIvDVtMX3K6OUir8ynLyzB8Jeriont2bTAtmNPa1ekAgN7YPDyf6V+ygrdU+eQ==
  
  ts-node-dev@^2.0.0:
    version "2.0.0"
    resolved "https://registry.npmjs.org/ts-node-dev/-/ts-node-dev-2.0.0.tgz"
    integrity sha512-ywMrhCfH6M75yftYvrvNarLEY+SUXtUvU8/0Z6llrHQVBx12GiFk5sStF8UdfE/yfzk9IAq7O5EEbTQsxlBI8w==
    dependencies:
      chokidar "^3.5.1"
      dynamic-dedupe "^0.3.0"
      minimist "^1.2.6"
      mkdirp "^1.0.4"
      resolve "^1.0.0"
      rimraf "^2.6.1"
      source-map-support "^0.5.12"
      tree-kill "^1.2.2"
      ts-node "^10.4.0"
      tsconfig "^7.0.0"
  
  ts-node@^10.4.0:
    version "10.9.1"
    resolved "https://registry.npmjs.org/ts-node/-/ts-node-10.9.1.tgz"
    integrity sha512-NtVysVPkxxrwFGUUxGYhfux8k78pQB3JqYBXlLRZgdGUqTO5wU/UyHop5p70iEbGhB7q5KmiZiU0Y3KlJrScEw==
    dependencies:
      "@cspotcode/source-map-support" "^0.8.0"
      "@tsconfig/node10" "^1.0.7"
      "@tsconfig/node12" "^1.0.7"
      "@tsconfig/node14" "^1.0.0"
      "@tsconfig/node16" "^1.0.2"
      acorn "^8.4.1"
      acorn-walk "^8.1.1"
      arg "^4.1.0"
      create-require "^1.1.0"
      diff "^4.0.1"
      make-error "^1.1.1"
      v8-compile-cache-lib "^3.0.1"
      yn "3.1.1"
  
  tsconfig@^7.0.0:
    version "7.0.0"
    resolved "https://registry.npmjs.org/tsconfig/-/tsconfig-7.0.0.tgz"
    integrity sha512-vZXmzPrL+EmC4T/4rVlT2jNVMWCi/O4DIiSj3UHg1OE5kCKbk4mfrXc6dZksLgRM/TZlKnousKH9bbTazUWRRw==
    dependencies:
      "@types/strip-bom" "^3.0.0"
      "@types/strip-json-comments" "0.0.30"
      strip-bom "^3.0.0"
      strip-json-comments "^2.0.0"
  
  tslib@^2.0.1, tslib@^2.6.2:
    version "2.7.0"
    resolved "https://registry.yarnpkg.com/tslib/-/tslib-2.7.0.tgz#d9b40c5c40ab59e8738f297df3087bf1a2690c01"
    integrity sha512-gLXCKdN1/j47AiHiOkJN69hJmcbGTHI0ImLmbYLHykhgeN0jVGola9yVjFgzCUklsZQMW55o+dW7IXv3RCXDzA==
  
  type-check@^0.4.0, type-check@~0.4.0:
    version "0.4.0"
    resolved "https://registry.npmjs.org/type-check/-/type-check-0.4.0.tgz"
    integrity sha512-XleUoc9uwGXqjWwXaUTZAmzMcFZ5858QA2vvx1Ur5xIcixXIP+8LnFDgRplU30us6teqdlskFfu+ae4K79Ooew==
    dependencies:
      prelude-ls "^1.2.1"
  
  type-is@~1.6.18:
    version "1.6.18"
    resolved "https://registry.npmjs.org/type-is/-/type-is-1.6.18.tgz"
    integrity sha512-TkRKr9sUTxEH8MdfuCSP7VizJyzRNMjj2J2do2Jr3Kym598JVdEksuzPQCnlFPW4ky9Q+iA+ma9BGm06XQBy8g==
    dependencies:
      media-typer "0.3.0"
      mime-types "~2.1.24"
  
  typescript@^5.0.4:
    version "5.0.4"
    resolved "https://registry.npmjs.org/typescript/-/typescript-5.0.4.tgz"
    integrity sha512-cW9T5W9xY37cc+jfEnaUvX91foxtHkza3Nw3wkoF4sSlKn0MONdkdEndig/qPBWXNkmplh3NzayQzCiHM4/hqw==
  
  unpipe@1.0.0, unpipe@~1.0.0:
    version "1.0.0"
    resolved "https://registry.npmjs.org/unpipe/-/unpipe-1.0.0.tgz"
    integrity sha512-pjy2bYhSsufwWlKwPc+l3cN7+wuJlK6uz0YdJEOlQDbl6jo/YlPi4mb8agUkVC8BF7V8NuzeyPNqRksA3hztKQ==
  
  uri-js@^4.2.2:
    version "4.4.1"
    resolved "https://registry.npmjs.org/uri-js/-/uri-js-4.4.1.tgz"
    integrity sha512-7rKUyy33Q1yc98pQ1DAmLtwX109F7TIfWlW1Ydo8Wl1ii1SeHieeh0HHfPeL2fMXK6z0s8ecKs9frCuLJvndBg==
    dependencies:
      punycode "^2.1.0"
  
  util-deprecate@^1.0.1:
    version "1.0.2"
    resolved "https://registry.npmjs.org/util-deprecate/-/util-deprecate-1.0.2.tgz"
    integrity sha512-EPD5q1uXyFxJpCrLnCc1nHnq3gOa6DZBocAIiI2TaSCA7VCJ1UJDMagCzIkXNsUYfD1daK//LTEQ8xiIbrHtcw==
  
  utils-merge@1.0.1:
    version "1.0.1"
    resolved "https://registry.npmjs.org/utils-merge/-/utils-merge-1.0.1.tgz"
    integrity sha512-pMZTvIkT1d+TFGvDOqodOclx0QWkkgi6Tdoa8gC8ffGAAqz9pzPTZWAybbsHHoED/ztMtkv/VoYTYyShUn81hA==
  
  v8-compile-cache-lib@^3.0.1:
    version "3.0.1"
    resolved "https://registry.npmjs.org/v8-compile-cache-lib/-/v8-compile-cache-lib-3.0.1.tgz"
    integrity sha512-wa7YjyUGfNZngI/vtK0UHAN+lgDCxBPCylVXGp0zu59Fz5aiGtNXaq3DhIov063MorB+VfufLh3JlF2KdTK3xg==
  
  vary@^1, vary@~1.1.2:
    version "1.1.2"
    resolved "https://registry.npmjs.org/vary/-/vary-1.1.2.tgz"
    integrity sha512-BNGbWLfd0eUPabhkXUVm0j8uuvREyTh5ovRa/dyow/BqAbZJyC+5fU+IzQOzmAKzYqYRAISoRhdQr3eIZ/PXqg==
  
  webidl-conversions@^3.0.0:
    version "3.0.1"
    resolved "https://registry.npmjs.org/webidl-conversions/-/webidl-conversions-3.0.1.tgz"
    integrity sha512-2JAn3z8AR6rjK8Sm8orRC0h/bcl/DqL7tRPdGZ4I1CjdF+EaMLmYxBHyXuKL849eucPFhvBoxMsflfOb8kxaeQ==
  
  webidl-conversions@^7.0.0:
    version "7.0.0"
    resolved "https://registry.npmjs.org/webidl-conversions/-/webidl-conversions-7.0.0.tgz"
    integrity sha512-VwddBukDzu71offAQR975unBIGqfKZpM+8ZX6ySk8nYhVoo5CYaZyzt3YBvYtRtO+aoGlqxPg/B87NGVZ/fu6g==
  
  whatwg-url@^13.0.0:
    version "13.0.0"
    resolved "https://registry.yarnpkg.com/whatwg-url/-/whatwg-url-13.0.0.tgz#b7b536aca48306394a34e44bda8e99f332410f8f"
    integrity sha512-9WWbymnqj57+XEuqADHrCJ2eSXzn8WXIW/YSGaZtb2WKAInQ6CHfaUUcTyyver0p8BDg5StLQq8h1vtZuwmOig==
    dependencies:
      tr46 "^4.1.1"
      webidl-conversions "^7.0.0"
  
  whatwg-url@^5.0.0:
    version "5.0.0"
    resolved "https://registry.npmjs.org/whatwg-url/-/whatwg-url-5.0.0.tgz"
    integrity sha512-saE57nupxk6v3HY35+jzBwYa0rKSy0XR8JSxZPwgLr7ys0IBzhGviA1/TUGJLmSVqs8pb9AnvICXEuOHLprYTw==
    dependencies:
      tr46 "~0.0.3"
      webidl-conversions "^3.0.0"
  
  which@^2.0.1:
    version "2.0.2"
    resolved "https://registry.npmjs.org/which/-/which-2.0.2.tgz"
    integrity sha512-BLI3Tl1TW3Pvl70l3yq3Y64i+awpwXqsGBYWkkqMtnbXgrMD+yj7rhW0kuEDxzJaYXGjEW5ogapKNMEKNMjibA==
    dependencies:
      isexe "^2.0.0"
  
  wide-align@^1.1.2:
    version "1.1.5"
    resolved "https://registry.npmjs.org/wide-align/-/wide-align-1.1.5.tgz"
    integrity sha512-eDMORYaPNZ4sQIuuYPDHdQvf4gyCF9rEEV/yPxGfwPkRodwEgiMUUXTx/dex+Me0wxx53S+NgUHaP7y3MGlDmg==
    dependencies:
      string-width "^1.0.2 || 2 || 3 || 4"
  
  winston-daily-rotate-file@^4.7.1:
    version "4.7.1"
    resolved "https://registry.npmjs.org/winston-daily-rotate-file/-/winston-daily-rotate-file-4.7.1.tgz"
    integrity sha512-7LGPiYGBPNyGHLn9z33i96zx/bd71pjBn9tqQzO3I4Tayv94WPmBNwKC7CO1wPHdP9uvu+Md/1nr6VSH9h0iaA==
    dependencies:
      file-stream-rotator "^0.6.1"
      object-hash "^2.0.1"
      triple-beam "^1.3.0"
      winston-transport "^4.4.0"
  
  winston-transport@^4.4.0, winston-transport@^4.5.0:
    version "4.5.0"
    resolved "https://registry.npmjs.org/winston-transport/-/winston-transport-4.5.0.tgz"
    integrity sha512-YpZzcUzBedhlTAfJg6vJDlyEai/IFMIVcaEZZyl3UXIl4gmqRpU7AE89AHLkbzLUsv0NVmw7ts+iztqKxxPW1Q==
    dependencies:
      logform "^2.3.2"
      readable-stream "^3.6.0"
      triple-beam "^1.3.0"
  
  winston@^3.9.0:
    version "3.9.0"
    resolved "https://registry.npmjs.org/winston/-/winston-3.9.0.tgz"
    integrity sha512-jW51iW/X95BCW6MMtZWr2jKQBP4hV5bIDq9QrIjfDk6Q9QuxvTKEAlpUNAzP+HYHFFCeENhph16s0zEunu4uuQ==
    dependencies:
      "@colors/colors" "1.5.0"
      "@dabh/diagnostics" "^2.0.2"
      async "^3.2.3"
      is-stream "^2.0.0"
      logform "^2.4.0"
      one-time "^1.0.0"
      readable-stream "^3.4.0"
      safe-stable-stringify "^2.3.1"
      stack-trace "0.0.x"
      triple-beam "^1.3.0"
      winston-transport "^4.5.0"
  
  word-wrap@^1.2.5:
    version "1.2.5"
    resolved "https://registry.yarnpkg.com/word-wrap/-/word-wrap-1.2.5.tgz#d2c45c6dd4fbce621a66f136cbe328afd0410b34"
    integrity sha512-BN22B5eaMMI9UMtjrGd5g5eCYPpCPDUy0FJXbYsaT5zYxjFOckS53SQDE3pWkVoWpHXVb3BrYcEN4Twa55B5cA==
  
  wrap-ansi@^9.0.0:
    version "9.0.0"
    resolved "https://registry.yarnpkg.com/wrap-ansi/-/wrap-ansi-9.0.0.tgz#1a3dc8b70d85eeb8398ddfb1e4a02cd186e58b3e"
    integrity sha512-G8ura3S+3Z2G+mkgNRq8dqaFZAuxfsxpBB8OCTGRTCtp+l/v9nbFNmCUP1BZMts3G1142MsZfn6eeUKrr4PD1Q==
    dependencies:
      ansi-styles "^6.2.1"
      string-width "^7.0.0"
      strip-ansi "^7.1.0"
  
  wrappy@1:
    version "1.0.2"
    resolved "https://registry.npmjs.org/wrappy/-/wrappy-1.0.2.tgz"
    integrity sha512-l4Sp/DRseor9wL6EvV2+TuQn63dMkPjZ/sp9XkghTEbV9KlPS1xUsZ3u7/IQO4wxtcFB4bgpQPRcR3QCvezPcQ==
  
  xtend@^4.0.0:
    version "4.0.2"
    resolved "https://registry.npmjs.org/xtend/-/xtend-4.0.2.tgz"
    integrity sha512-LKYU1iAXJXUgAXn9URjiu+MWhyUXHsvfp7mcuYm9dSUKK0/CjtrUwFAxD82/mCWbtLsGjFIad0wIsod4zrTAEQ==
  
  yallist@4.0.0, yallist@^4.0.0:
    version "4.0.0"
    resolved "https://registry.npmjs.org/yallist/-/yallist-4.0.0.tgz"
    integrity sha512-3wdGidZyq5PB084XLES5TpOSRA3wjXAlIWMhum2kRcv/41Sn2emQ0dycQW4uZXLejwKvg6EsvbdlVL+FYEct7A==
  
  yaml@~2.5.0:
    version "2.5.1"
    resolved "https://registry.yarnpkg.com/yaml/-/yaml-2.5.1.tgz#c9772aacf62cb7494a95b0c4f1fb065b563db130"
    integrity sha512-bLQOjaX/ADgQ20isPJRvF0iRUHIxVhYvr53Of7wGcWlO2jvtUlH5m87DsmulFVxRpNLOnI4tB6p/oh8D7kpn9Q==
  
  yn@3.1.1:
    version "3.1.1"
    resolved "https://registry.npmjs.org/yn/-/yn-3.1.1.tgz"
    integrity sha512-Ux4ygGWsu2c7isFWe8Yu1YluJmqVhxqK2cLXNQA5AcC3QfbGNpM7fu0Y8b/z16pXLnFxZYvWhd3fhBY9DLmC6Q==
  
  yocto-queue@^0.1.0:
    version "0.1.0"
    resolved "https://registry.yarnpkg.com/yocto-queue/-/yocto-queue-0.1.0.tgz#0294eb3dee05028d31ee1a5fa2c556a6aaf10a1b"
    integrity sha512-rVksvsnNCdJ/ohGc6xgPwyN8eheCxsiLM8mxuE/t/mOVqJewPuO1miLpTHQiRgTKCLexL4MeAFVagts7HmNZ2Q==
  
  zod@^3.21.4:
    version "3.21.4"
    resolved "https://registry.npmjs.org/zod/-/zod-3.21.4.tgz"
    integrity sha512-m46AKbrzKVzOzs/DZgVnG5H55N1sv1M8qZU3A8RIKbs3mrACDNeIOeilDymVb2HdmP8uwshOCF4uJ8uM9rCqJw==
